학교명,설립,시군구명,행정동명,학생수 계
서울안산초등학교,공립,서대문구,홍제동,839
서울역촌초등학교,공립,은평구,역촌동,1764
서울연가초등학교,공립,서대문구,남가좌동,1736
서울연광초등학교,공립,은평구,불광동,454
서울연신초등학교,공립,은평구,불광동,385
서울연은초등학교,공립,은평구,응암동,557
서울연천초등학교,공립,은평구,불광동,339
서울연희초등학교,공립,서대문구,연희동,1197
서울염리초등학교,공립,마포구,용강동,1088
서울용강초등학교,공립,마포구,대흥동,506
서울은명초등학교,공립,은평구,응암동,1485
서울은빛초등학교,공립,은평구,진관동,1240
서울은진초등학교,공립,은평구,진관동,684
서울은평초등학교,공립,은평구,녹번동,942
서울응암초등학교,공립,은평구,응암동,927
서울인왕초등학교,공립,서대문구,홍제동,705
서울중동초등학교,공립,마포구,성산동,593
서울증산초등학교,공립,은평구,증산동,954
서울진관초등학교,공립,은평구,진관동,1062
서울창서초등학교,공립,서대문구,신촌동,250
서울창천초등학교,공립,마포구,대흥동,224
서울하늘초등학교,공립,마포구,상암동,1069
서울한서초등학교,공립,마포구,염리동,205
서울홍연초등학교,공립,서대문구,홍은동,957
서울홍은초등학교,공립,서대문구,홍제동,522
서울홍제초등학교,공립,서대문구,홍은동,1120
경기초등학교,사립,서대문구,충현동,691
명지초등학교,사립,서대문구,홍은동,715
선일초등학교,사립,은평구,갈현동,506
알로이시오초등학교,사립,은평구,응암동,133
예일초등학교,사립,은평구,구산동,609
은혜초등학교,사립,은평구,불광동,243
이화여자대학교사범대학부속초등학교,사립,서대문구,신촌동,640
추계초등학교,사립,서대문구,충현동,292
충암초등학교,사립,은평구,응암동,728
홍익대학교사범대학부속초등학교,사립,마포구,성산동,521
서울가산초등학교,공립,금천구,독산동,419
서울개명초등학교,공립,구로구,개봉동,672
서울개봉초등학교,공립,구로구,개봉동,1357
서울개웅초등학교,공립,구로구,개봉동,736
서울고산초등학교,공립,구로구,고척동,602
서울고원초등학교,공립,구로구,고척동,820
서울고척초등학교,공립,구로구,고척동,528
서울구로남초등학교,공립,구로구,구로동,703
서울구로초등학교,공립,구로구,구로동,645
서울구일초등학교,공립,구로구,구로동,1237
서울금동초등학교,공립,금천구,시흥동,1032
서울금산초등학교,공립,금천구,시흥동,384
서울금천초등학교,공립,금천구,시흥동,207
서울당산초등학교,공립,영등포구,양평동,558
서울당서초등학교,공립,영등포구,당산동,1185
서울당중초등학교,공립,영등포구,양평동,643
서울대길초등학교,공립,영등포구,신길동,778
서울대동초등학교,공립,영등포구,대림동,513
서울군자초등학교,공립,동대문구,장안동,416
서울답십리초등학교,공립,동대문구,답십리동,765
서울동답초등학교,공립,동대문구,답십리동,539
서울동원초등학교,공립,중랑구,망우동,462
서울망우초등학교,공립,중랑구,망우동,547
서울면남초등학교,공립,중랑구,면목동,456
서울면동초등학교,공립,중랑구,면목동,1219
서울면목초등학교,공립,중랑구,면목동,916
서울면북초등학교,공립,중랑구,망우동,204
서울면일초등학교,공립,중랑구,망우동,990
서울면중초등학교,공립,중랑구,면목동,419
서울묵동초등학교,공립,중랑구,중화동,561
서울묵현초등학교,공립,중랑구,묵동,625
서울배봉초등학교,공립,동대문구,전농동,678
서울봉화초등학교,공립,중랑구,신내동,863
서울상봉초등학교,공립,중랑구,상봉동,758
서울새솔초등학교,공립,중랑구,신내동,331
서울신내초등학교,공립,중랑구,신내동,895
서울신답초등학교,공립,동대문구,답십리동,573
서울신묵초등학교,공립,중랑구,묵동,530
서울신현초등학교,공립,중랑구,신내동,693
서울안평초등학교,공립,동대문구,장안동,1027
서울용두초등학교,공립,동대문구,용신동,496
서울원묵초등학교,공립,중랑구,묵동,1046
서울이문초등학교,공립,동대문구,이문동,931
서울장평초등학교,공립,동대문구,장안동,1074
서울전곡초등학교,공립,동대문구,전농동,762
서울전농초등학교,공립,동대문구,전농동,647
서울전동초등학교,공립,동대문구,전농동,816
서울종암초등학교,공립,동대문구,제기동,679
서울중곡초등학교,공립,중랑구,면목동,1240
서울중랑초등학교,공립,중랑구,면목동,837
서울중목초등학교,공립,중랑구,면목동,610
서울중화초등학교,공립,중랑구,신내동,1422
서울중흥초등학교,공립,중랑구,중화동,425
서울청량초등학교,공립,동대문구,회기동,1014
서울홍릉초등학교,공립,동대문구,청량리동,516
서울홍파초등학교,공립,동대문구,제기동,479
서울휘경초등학교,공립,동대문구,휘경동,497
서울휘봉초등학교,공립,동대문구,휘경동,891
경희초등학교,사립,동대문구,회기동,709
금성초등학교,사립,중랑구,신내동,601
서울삼육초등학교,사립,동대문구,회기동,731
은석초등학교,사립,동대문구,장안동,756
서울갈현초등학교,공립,은평구,갈현동,1550
서울고은초등학교,공립,서대문구,홍제동,569
서울공덕초등학교,공립,마포구,공덕동,806
서울구산초등학교,공립,은평구,구산동,1094
서울구현초등학교,공립,은평구,구산동,712
서울금화초등학교,공립,서대문구,천연동,571
서울녹번초등학교,공립,은평구,녹번동,1045
서울대신초등학교,공립,서대문구,신촌동,257
서울대은초등학교,공립,은평구,대조동,472
서울대조초등학교,공립,은평구,대조동,1114
서울동교초등학교,공립,마포구,망원동,1342
서울마포초등학교,공립,마포구,도화동,952
서울망원초등학교,공립,마포구,망원동,372
서울미동초등학교,공립,서대문구,충현동,651
서울북가좌초등학교,공립,서대문구,북가좌동,1470
서울북성초등학교,공립,서대문구,북아현동,358
서울북한산초등학교,공립,은평구,진관동,125
서울불광초등학교,공립,은평구,불광동,1065
서울상신초등학교,공립,은평구,신사동,745
서울상암초등학교,공립,마포구,상암동,845
서울상지초등학교,공립,마포구,상암동,905
서울서강초등학교,공립,마포구,서강동,1026
서울서교초등학교,공립,마포구,서교동,1016
서울서신초등학교,공립,은평구,신사동,762
서울성산초등학교,공립,마포구,합정동,975
서울성서초등학교,공립,마포구,성산동,803
서울성원초등학교,공립,마포구,성산동,763
서울소의초등학교,공립,마포구,공덕동,553
서울수리초등학교,공립,은평구,불광동,524
서울수색초등학교,공립,은평구,수색동,588
서울신도초등학교,공립,은평구,진관동,1124
서울신북초등학교,공립,마포구,성산동,1180
서울신사초등학교,공립,은평구,신사동,556
서울신석초등학교,공립,마포구,신수동,794
서울아현초등학교,공립,마포구,아현동,366
서울대방초등학교,공립,영등포구,신길동,445
서울대영초등학교,공립,영등포구,신길동,639
서울덕의초등학교,공립,구로구,고척동,1162
서울도림초등학교,공립,영등포구,신길동,750
서울도신초등학교,공립,영등포구,대림동,605
서울독산초등학교,공립,금천구,독산동,813
서울동구로초등학교,공립,구로구,구로동,612
서울두산초등학교,공립,금천구,독산동,662
서울매봉초등학교,공립,구로구,개봉동,420
서울문교초등학교,공립,금천구,독산동,429
서울문래초등학교,공립,영등포구,문래동,1125
서울문백초등학교,공립,금천구,시흥동,723
서울문성초등학교,공립,금천구,독산동,551
서울미래초등학교,공립,구로구,구로동,657
서울백산초등학교,공립,금천구,시흥동,502
서울선유초등학교,공립,영등포구,양평동,498
서울세곡초등학교,공립,구로구,고척동,594
서울시흥초등학교,공립,금천구,시흥동,832
서울신구로초등학교,공립,구로구,구로동,641
서울신대림초등학교,공립,영등포구,대림동,341
서울신도림초등학교,공립,구로구,신도림동,1105
서울신미림초등학교,공립,구로구,신도림동,1047
서울신영초등학교,공립,영등포구,대림동,719
서울신흥초등학교,공립,금천구,시흥동,389
서울안천초등학교,공립,금천구,독산동,447
서울여의도초등학교,공립,영등포구,여의동,1027
서울영남초등학교,공립,금천구,독산동,365
서울영동초등학교,공립,영등포구,당산동,473
서울영등포초등학교,공립,영등포구,문래동,290
서울영림초등학교,공립,영등포구,대림동,299
서울영문초등학교,공립,영등포구,문래동,1112
서울영서초등학교,공립,구로구,구로동,933
서울영신초등학교,공립,영등포구,신길동,1102
서울영원초등학교,공립,영등포구,영등포동,718
서울영일초등학교,공립,구로구,가리봉동,424
서울영중초등학교,공립,영등포구,영등포동,513
서울오류남초등학교,공립,구로구,오류동,1054
서울오류초등학교,공립,구로구,오류동,866
서울오정초등학교,공립,구로구,오류동,567
서울온수초등학교,공립,구로구,수궁동,1111
서울우신초등학교,공립,영등포구,신길동,609
서울윤중초등학교,공립,영등포구,여의동,425
서울정심초등학교,공립,금천구,독산동,488
서울천왕초등학교,공립,구로구,오류동,916
서울탑동초등학교,공립,금천구,시흥동,682
서울흥일초등학교,공립,금천구,시흥동,428
동광초등학교,사립,금천구,시흥동,462
서울가인초등학교,공립,도봉구,창동,649
서울계상초등학교,공립,노원구,상계동,889
서울공릉초등학교,공립,노원구,공릉동,411
서울공연초등학교,공립,노원구,공릉동,701
서울노원초등학교,공립,노원구,상계동,317
서울노일초등학교,공립,노원구,상계동,666
서울연지초등학교,공립,노원구,월계동,293
서울연촌초등학교,공립,노원구,하계동,749
서울오봉초등학교,공립,도봉구,도봉동,647
서울온곡초등학교,공립,노원구,상계동,818
서울용동초등학교,공립,노원구,중계동,621
서울용원초등학교,공립,노원구,공릉동,847
서울원광초등학교,공립,노원구,중계동,856
서울월계초등학교,공립,노원구,월계동,396
서울월천초등학교,공립,도봉구,창동,575
서울을지초등학교,공립,노원구,중계동,1598
서울자운초등학교,공립,도봉구,창동,1087
서울중계초등학교,공립,노원구,중계동,981
서울중원초등학교,공립,노원구,중계동,738
서울중평초등학교,공립,노원구,하계동,1682
서울중현초등학교,공립,노원구,하계동,361
서울창경초등학교,공립,도봉구,쌍문동,1107
서울창도초등학교,공립,도봉구,방학동,995
서울창동초등학교,공립,도봉구,창동,474
서울창림초등학교,공립,도봉구,창동,1137
서울창원초등학교,공립,도봉구,창동,547
서울창일초등학교,공립,도봉구,창동,1026
서울청계초등학교,공립,노원구,중계동,570
서울초당초등학교,공립,도봉구,방학동,1101
서울태랑초등학교,공립,노원구,공릉동,1032
서울태릉초등학교,공립,노원구,공릉동,1212
서울한천초등학교,공립,노원구,월계동,1092
동북초등학교,사립,도봉구,쌍문동,651
상명초등학교,사립,노원구,중계동,682
청원초등학교,사립,노원구,상계동,632
태강삼육초등학교,사립,노원구,공릉동,766
한신초등학교,사립,도봉구,쌍문동,659
화랑초등학교,사립,노원구,공릉동,715
서울대학교사범대학부설초등학교,국립,종로구,이화동,691
서울광희초등학교,공립,중구,신당동,240
서울교동초등학교,공립,종로구,종로동,113
서울금양초등학교,공립,용산구,효창동,927
서울남산초등학교,공립,중구,명동,200
서울남정초등학교,공립,용산구,원효로동,424
서울덕수초등학교,공립,중구,소공동,474
서울독립문초등학교,공립,종로구,무악동,457
서울매동초등학교,공립,종로구,사직동,256
서울명신초등학교,공립,종로구,창신동,376
서울보광초등학교,공립,용산구,이태원동,584
서울봉래초등학교,공립,중구,중림동,302
서울삼광초등학교,공립,용산구,후암동,506
서울서빙고초등학교,공립,용산구,서빙고동,507
서울세검정초등학교,공립,종로구,부암동,814
서울숭신초등학교,공립,종로구,숭인동,133
서울신당초등학교,공립,중구,신당동,423
서울신용산초등학교,공립,용산구,이촌동,1726
서울용산초등학교,공립,용산구,한강로동,197
서울용암초등학교,공립,용산구,용산동,223
서울원효초등학교,공립,용산구,원효로동,792
서울이태원초등학교,공립,용산구,이태원동,403
서울장충초등학교,공립,중구,다산동,704
서울재동초등학교,공립,종로구,가회동,263
서울창신초등학교,공립,종로구,창신동,756
서울청구초등학교,공립,중구,청구동,971
서울청운초등학교,공립,종로구,청운효자동,704
서울청파초등학교,공립,용산구,청파동,664
서울충무초등학교,공립,중구,장충동,293
서울한강초등학교,공립,용산구,한강로동,194
서울한남초등학교,공립,용산구,한남동,360
서울혜화초등학교,공립,종로구,혜화동,730
서울효제초등학교,공립,종로구,종로동,351
서울후암초등학교,공립,용산구,후암동,574
서울흥인초등학교,공립,중구,동화동,451
동산초등학교,사립,중구,청구동,545
리라초등학교,사립,중구,필동,626
상명대학교사범대학부속초등학교,사립,종로구,부암동,357
숭의초등학교,사립,중구,필동,590
신광초등학교,사립,용산구,청파동,373
운현초등학교,사립,종로구,종로동,174
서울가동초등학교,공립,송파구,가락동,1026
서울가원초등학교,공립,송파구,문정동,659
서울가주초등학교,공립,송파구,가락동,1071
서울강덕초등학교,공립,강동구,고덕동,388
서울강동초등학교,공립,강동구,천호동,845
서울강명초등학교,공립,강동구,강일동,1092
서울강일초등학교,공립,강동구,강일동,1512
서울개롱초등학교,공립,송파구,오금동,734
서울거여초등학교,공립,송파구,오금동,508
서울거원초등학교,공립,송파구,거여동,1355
서울고덕초등학교,공립,강동구,고덕동,221
서울고명초등학교,공립,강동구,명일동,915
서울고일초등학교,공립,강동구,상일동,804
서울길동초등학교,공립,강동구,길동,1042
서울남천초등학교,공립,송파구,마천동,743
서울대명초등학교,공립,강동구,명일동,857
서울둔촌초등학교,공립,강동구,둔촌동,667
서울마천초등학교,공립,송파구,마천동,1167
서울명덕초등학교,공립,강동구,고덕동,1139
서울명원초등학교,공립,강동구,명일동,821
서울명일초등학교,공립,강동구,암사동,1155
서울묘곡초등학교,공립,강동구,고덕동,775
서울문덕초등학교,공립,송파구,장지동,572
서울문정초등학교,공립,송파구,문정동,1107
서울문현초등학교,공립,송파구,장지동,1152
서울방산초등학교,공립,송파구,방이동,735
서울방이초등학교,공립,송파구,방이동,772
서울버들초등학교,공립,송파구,잠실동,907
서울삼전초등학교,공립,송파구,삼전동,1090
서울상일초등학교,공립,강동구,상일동,232
서울석촌초등학교,공립,송파구,석촌동,1275
서울선린초등학교,공립,강동구,둔촌동,616
서울선사초등학교,공립,강동구,암사동,1194
서울성내초등학교,공립,강동구,성내동,1113
서울성일초등학교,공립,강동구,성내동,1101
서울세륜초등학교,공립,송파구,오륜동,685
서울송례초등학교,공립,송파구,위례동,784
서울송전초등학교,공립,송파구,잠실동,887
서울송파초등학교,공립,송파구,송파동,949
서울신가초등학교,공립,송파구,가락동,916
서울신명초등학교,공립,강동구,길동,775
서울신암초등학교,공립,강동구,암사동,882
서울신천초등학교,공립,송파구,잠실동,557
서울아주초등학교,공립,송파구,잠실동,643
서울영풍초등학교,공립,송파구,거여동,850
서울오금초등학교,공립,송파구,오금동,667
서울오륜초등학교,공립,송파구,오륜동,585
서울위례초등학교,공립,강동구,둔촌동,562
서울잠동초등학교,공립,송파구,잠실동,821
서울잠신초등학교,공립,송파구,잠실동,1614
서울잠실초등학교,공립,송파구,잠실동,1155
서울잠일초등학교,공립,송파구,잠실동,1806
서울잠전초등학교,공립,송파구,잠실동,763
서울잠현초등학교,공립,송파구,잠실동,762
서울중대초등학교,공립,송파구,송파동,1158
서울천동초등학교,공립,강동구,길동,903
서울천일초등학교,공립,강동구,천호동,467
서울천호초등학교,공립,강동구,천호동,993
서울토성초등학교,공립,송파구,풍납동,932
서울녹천초등학교,공립,노원구,월계동,468
서울누원초등학교,공립,도봉구,도봉동,1046
서울당현초등학교,공립,노원구,상계동,768
서울덕암초등학교,공립,노원구,상계동,843
서울도봉초등학교,공립,도봉구,도봉동,459
서울동일초등학교,공립,노원구,상계동,958
서울방학초등학교,공립,도봉구,방학동,729
서울백운초등학교,공립,도봉구,쌍문동,1018
서울불암초등학교,공립,노원구,중계동,1122
서울상경초등학교,공립,노원구,상계동,847
서울상계초등학교,공립,노원구,상계동,357
서울상곡초등학교,공립,노원구,상계동,651
서울상수초등학교,공립,노원구,상계동,1140
서울상원초등학교,공립,노원구,상계동,755
서울상월초등학교,공립,노원구,상계동,329
서울상천초등학교,공립,노원구,상계동,319
서울선곡초등학교,공립,노원구,월계동,985
서울수락초등학교,공립,노원구,상계동,839
서울수암초등학교,공립,노원구,중계동,644
서울숭미초등학교,공립,도봉구,쌍문동,1008
서울신계초등학교,공립,노원구,월계동,470
서울신방학초등학교,공립,도봉구,방학동,606
서울신상계초등학교,공립,노원구,상계동,594
서울신창초등학교,공립,도봉구,창동,388
서울신학초등학교,공립,도봉구,방학동,612
서울신화초등학교,공립,도봉구,창동,586
서울쌍문초등학교,공립,도봉구,쌍문동,801
서울평화초등학교,공립,송파구,가락동,325
서울풍납초등학교,공립,송파구,풍납동,787
서울풍성초등학교,공립,송파구,풍납동,348
서울한산초등학교,공립,강동구,둔촌동,948
서울가곡초등학교,공립,강서구,발산동,862
서울가양초등학교,공립,강서구,가양동,421
서울갈산초등학교,공립,양천구,신정동,975
서울강서초등학교,공립,양천구,신월동,1244
서울강신초등학교,공립,양천구,신월동,974
서울강월초등학교,공립,양천구,신월동,958
서울개화초등학교,공립,강서구,방화동,205
서울경인초등학교,공립,양천구,목동,986
서울계남초등학교,공립,양천구,신정동,985
서울공진초등학교,공립,강서구,가양동,120
서울공항초등학교,공립,송파구,잠실동,169
서울남명초등학교,공립,양천구,신정동,380
서울내발산초등학교,공립,강서구,우장산동,1515
서울등마초등학교,공립,강서구,등촌동,992
서울등명초등학교,공립,강서구,등촌동,192
서울등서초등학교,공립,강서구,화곡동,489
서울등양초등학교,공립,강서구,등촌동,343
서울등원초등학교,공립,강서구,등촌동,313
서울등촌초등학교,공립,강서구,등촌동,712
서울등현초등학교,공립,강서구,등촌동,761
서울목동초등학교,공립,양천구,신정동,1227
서울목운초등학교,공립,양천구,목동,1581
서울목원초등학교,공립,양천구,목동,451
서울발산초등학교,공립,강서구,발산동,1222
서울방화초등학교,공립,강서구,방화동,720
서울백석초등학교,공립,강서구,등촌동,744
서울삼정초등학교,공립,강서구,방화동,293
서울서정초등학교,공립,양천구,목동,858
서울송정초등학교,공립,강서구,공항동,888
서울송화초등학교,공립,강서구,방화동,1071
서울수명초등학교,공립,강서구,발산동,1494
서울신강초등학교,공립,양천구,신월동,722
서울신곡초등학교,공립,강서구,화곡동,903
서울신기초등학교,공립,양천구,신정동,729
서울신남초등학교,공립,양천구,신월동,338
서울신목초등학교,공립,양천구,신정동,939
서울신서초등학교,공립,양천구,신정동,1184
서울신원초등학교,공립,양천구,신월동,523
서울신월초등학교,공립,강서구,화곡동,813
서울신은초등학교,공립,양천구,신정동,913
서울신정초등학교,공립,강서구,화곡동,2128
서울양강초등학교,공립,양천구,신월동,673
서울양동초등학교,공립,양천구,신정동,461
서울양명초등학교,공립,양천구,신정동,362
서울양목초등학교,공립,양천구,신정동,979
서울양원초등학교,공립,양천구,신월동,310
서울양천초등학교,공립,강서구,가양동,565
서울양화초등학교,공립,양천구,목동,927
서울염강초등학교,공립,강서구,가양동,186
서울염경초등학교,공립,강서구,염창동,1039
서울염동초등학교,공립,강서구,염창동,1045
서울염창초등학교,공립,강서구,염창동,932
서울영도초등학교,공립,양천구,목동,1327
서울우장초등학교,공립,강서구,우장산동,553
서울월정초등학교,공립,강서구,화곡동,1350
서울월촌초등학교,공립,양천구,목동,1224
서울은정초등학교,공립,양천구,신정동,347
서울장수초등학교,공립,양천구,신정동,566
서울정곡초등학교,공립,강서구,방화동,358
서울정목초등학교,공립,양천구,목동,1331
서울지향초등학교,공립,양천구,신정동,846
서울치현초등학교,공립,강서구,방화동,889
서울탑산초등학교,공립,강서구,가양동,572
서울화곡초등학교,공립,강서구,화곡동,1021
서울화일초등학교,공립,강서구,화곡동,1026
유석초등학교,사립,강서구,등촌동,327
서울교육대학교부설초등학교,국립,서초구,서초동,634
서울개원초등학교,공립,강남구,개포동,398
서울개일초등학교,공립,강남구,개포동,783
서울구룡초등학교,공립,강남구,개포동,595
서울논현초등학교,공립,강남구,논현동,370
서울대도초등학교,공립,강남구,도곡동,1757
서울대모초등학교,공립,강남구,일원동,986
서울대왕초등학교,공립,강남구,세곡동,736
서울대진초등학교,공립,강남구,일원동,366
서울대청초등학교,공립,강남구,일원동,209
서울대치초등학교,공립,강남구,대치동,940
서울대현초등학교,공립,강남구,대치동,639
서울도곡초등학교,공립,강남구,대치동,739
서울도성초등학교,공립,강남구,역삼동,1547
서울매헌초등학교,공립,서초구,양재동,819
서울반원초등학교,공립,서초구,반포동,1601
서울반포초등학교,공립,서초구,반포동,990
서울방배초등학교,공립,서초구,방배동,984
서울방일초등학교,공립,서초구,방배동,876
서울방현초등학교,공립,서초구,방배동,357
서울봉은초등학교,공립,강남구,삼성동,605
서울삼릉초등학교,공립,강남구,삼성동,536
서울서래초등학교,공립,서초구,방배동,1355
서울서원초등학교,공립,서초구,반포동,1056
서울서이초등학교,공립,서초구,서초동,1197
서울서일초등학교,공립,서초구,서초동,556
서울서초초등학교,공립,서초구,서초동,753
서울세명초등학교,공립,강남구,세곡동,702
서울수서초등학교,공립,강남구,수서동,359
서울신구초등학교,공립,강남구,신사동,580
서울신동초등학교,공립,서초구,잠원동,1500
서울신중초등학교,공립,서초구,서초동,889
서울압구정초등학교,공립,강남구,압구정동,909
서울양재초등학교,공립,서초구,양재동,460
서울양전초등학교,공립,강남구,개포동,542
서울언남초등학교,공립,서초구,내곡동,146
서울언북초등학교,공립,강남구,청담동,1778
서울언주초등학교,공립,강남구,도곡동,1195
서울역삼초등학교,공립,강남구,역삼동,455
서울영희초등학교,공립,강남구,일원동,392
서울왕북초등학교,공립,강남구,수서동,481
서울우면초등학교,공립,서초구,양재동,907
서울우솔초등학교,공립,서초구,양재동,684
서울우암초등학교,공립,서초구,양재동,324
서울원명초등학교,공립,서초구,서초동,1525
서울원촌초등학교,공립,서초구,반포동,1226
서울이수초등학교,공립,서초구,방배동,666
서울일원초등학교,공립,강남구,개포동,852
서울잠원초등학교,공립,서초구,반포동,1807
서울청담초등학교,공립,강남구,청담동,669
서울포이초등학교,공립,강남구,개포동,593
서울학동초등학교,공립,강남구,논현동,572
계성초등학교,사립,서초구,반포동,724
서울강남초등학교,공립,동작구,상도동,1066
서울관악초등학교,공립,관악구,청룡동,746
서울구암초등학교,공립,관악구,성현동,1908
서울난곡초등학교,공립,관악구,난곡동,521
서울난우초등학교,공립,관악구,미성동,1040
서울난향초등학교,공립,관악구,난향동,1071
서울남부초등학교,공립,관악구,신사동,708
서울남사초등학교,공립,동작구,사당동,744
서울남성초등학교,공립,동작구,사당동,595
서울노량진초등학교,공립,동작구,노량진동,458
서울당곡초등학교,공립,관악구,보라매동,887
서울대림초등학교,공립,동작구,대방동,1302
서울동작초등학교,공립,동작구,사당동,497
서울문창초등학교,공립,동작구,신대방동,707
서울미성초등학교,공립,관악구,미성동,808
서울보라매초등학교,공립,동작구,신대방동,1811
서울본동초등학교,공립,동작구,노량진동,182
서울봉천초등학교,공립,관악구,행운동,820
서울봉현초등학교,공립,관악구,성현동,1223
서울사당초등학교,공립,관악구,남현동,784
서울삼성초등학교,공립,관악구,대학동,417
서울삼일초등학교,공립,동작구,사당동,1009
서울상도초등학교,공립,동작구,상도동,1108
서울상현초등학교,공립,동작구,상도동,869
서울신길초등학교,공립,동작구,대방동,1331
서울신남성초등학교,공립,동작구,사당동,712
서울신림초등학교,공립,관악구,신원동,881
서울신봉초등학교,공립,관악구,중앙동,472
서울신상도초등학교,공립,동작구,상도동,1250
서울신성초등학교,공립,관악구,서림동,725
서울신우초등학교,공립,관악구,삼성동,566
서울영본초등학교,공립,동작구,노량진동,1048
서울영화초등학교,공립,동작구,대방동,657
서울원당초등학교,공립,관악구,행운동,296
서울원신초등학교,공립,관악구,삼성동,450
서울은로초등학교,공립,동작구,흑석동,562
서울은천초등학교,공립,관악구,은천동,1270
서울인헌초등학교,공립,관악구,낙성대동,1412
서울조원초등학교,공립,관악구,조원동,627
서울청룡초등학교,공립,관악구,청룡동,562
서울행림초등학교,공립,동작구,사당동,343
서울흑석초등학교,공립,동작구,흑석동,670
중앙대학교사범대학부속초등학교,사립,동작구,흑석동,879
서울경동초등학교,공립,성동구,성수동,1216
서울경수초등학교,공립,성동구,성수동,429
서울경일초등학교,공립,성동구,성수동,610
서울광남초등학교,공립,광진구,광장동,1412
서울광장초등학교,공립,광진구,광장동,338
서울광진초등학교,공립,광진구,구의동,777
서울구남초등학교,공립,광진구,구의동,843
서울구의초등학교,공립,광진구,화양동,650
서울금북초등학교,공립,성동구,금호동,833
서울금옥초등학교,공립,성동구,금호동,371
서울금호초등학교,공립,성동구,금호동,770
서울동명초등학교,공립,성동구,마장동,487
서울동의초등학교,공립,광진구,구의동,938
서울동자초등학교,공립,광진구,자양동,1369
서울동호초등학교,공립,성동구,옥수동,405
서울마장초등학교,공립,성동구,마장동,846
서울무학초등학교,공립,성동구,왕십리동,669
서울사근초등학교,공립,성동구,사근동,261
서울성수초등학교,공립,성동구,성수동,530
서울성자초등학교,공립,광진구,자양동,711
서울송원초등학교,공립,성동구,송정동,442
서울신양초등학교,공립,광진구,자양동,691
서울신자초등학교,공립,광진구,자양동,501
서울양남초등학교,공립,광진구,자양동,203
서울양진초등학교,공립,광진구,광장동,1558
서울옥수초등학교,공립,성동구,금호동,408
서울옥정초등학교,공립,성동구,옥수동,810
서울용곡초등학교,공립,광진구,중곡동,669
서울용답초등학교,공립,성동구,용답동,498
서울용마초등학교,공립,광진구,중곡동,1252
서울응봉초등학교,공립,성동구,응봉동,963
서울자양초등학교,공립,광진구,자양동,569
서울장안초등학교,공립,광진구,군자동,603
서울중광초등학교,공립,광진구,중곡동,307
서울중마초등학교,공립,광진구,중곡동,644
서울행당초등학교,공립,성동구,행당동,792
서울행현초등학교,공립,성동구,행당동,1048
서울화양초등학교,공립,광진구,화양동,181
경복초등학교,사립,광진구,능동,805
성동초등학교,사립,광진구,자양동,637
세종초등학교,사립,광진구,군자동,364
한양초등학교,사립,성동구,사근동,693
서울개운초등학교,공립,성북구,돈암동,1130
서울길원초등학교,공립,성북구,정릉동,1229
서울길음초등학교,공립,성북구,길음동,996
서울돈암초등학교,공립,성북구,동선동,1475
서울동신초등학교,공립,성북구,보문동,404
서울미아초등학교,공립,성북구,길음동,1325
서울미양초등학교,공립,강북구,삼양동,610
서울번동초등학교,공립,강북구,번동,943
서울삼각산초등학교,공립,강북구,삼각산동,1467
서울삼선초등학교,공립,성북구,삼선동,946
서울삼양초등학교,공립,강북구,삼양동,819
서울석계초등학교,공립,성북구,석관동,873
서울석관초등학교,공립,성북구,석관동,776
서울성북초등학교,공립,성북구,성북동,367
서울송중초등학교,공립,강북구,송중동,765
서울송천초등학교,공립,강북구,송천동,661
서울수송초등학교,공립,강북구,번동,1138
서울수유초등학교,공립,강북구,수유동,905
서울숭곡초등학교,공립,성북구,월곡동,666
서울숭덕초등학교,공립,성북구,정릉동,1320
서울숭례초등학교,공립,성북구,종암동,932
서울숭인초등학교,공립,성북구,월곡동,1372
서울안암초등학교,공립,성북구,안암동,424
서울오현초등학교,공립,강북구,번동,560
서울우이초등학교,공립,강북구,인수동,1395
서울월곡초등학교,공립,성북구,장위동,627
서울유현초등학교,공립,강북구,수유동,424
서울인수초등학교,공립,강북구,인수동,827
서울일신초등학교,공립,성북구,종암동,844
서울장곡초등학교,공립,성북구,장위동,632
서울장월초등학교,공립,성북구,장위동,639
서울장위초등학교,공립,성북구,장위동,988
서울정덕초등학교,공립,성북구,동선동,1132
서울정릉초등학교,공립,성북구,정릉동,1028
서울정수초등학교,공립,성북구,정릉동,341
서울청덕초등학교,공립,성북구,정릉동,583
서울화계초등학교,공립,강북구,송중동,967
광운초등학교,사립,성북구,장위동,637
대광초등학교,사립,성북구,보문동,484
매원초등학교,사립,성북구,돈암동,528
성신초등학교,사립,성북구,동선동,544
영훈초등학교,사립,강북구,송천동,812
우촌초등학교,사립,성북구,돈암동,545
양화중학교,공립,영등포구,문래동,764
여의도중학교,공립,영등포구,여의도동,1011
영남중학교,공립,영등포구,대림동,853
영림중학교,공립,구로구,구로동,1057
영서중학교,공립,구로구,구로동,885
영원중학교,공립,영등포구,영등포동,955
오남중학교,공립,구로구,오류동,794
오류중학교,공립,구로구,고척동,715
윤중중학교,공립,영등포구,여의도동,804
천왕중학교,공립,구로구,오류동,498
한울중학교,공립,금천구,독산동,753
동일중학교,사립,금천구,시흥동,741
문일중학교,사립,금천구,시흥동,620
우신중학교,사립,구로구,수궁동,470
공릉중학교,공립,노원구,공릉동,966
노곡중학교,공립,도봉구,창동,629
노원중학교,공립,노원구,상계동,720
노일중학교,공립,노원구,상계동,784
녹천중학교,공립,노원구,월계동,590
도봉중학교,공립,도봉구,도봉동,810
방학중학교,공립,도봉구,방학동,747
백운중학교,공립,도봉구,쌍문동,831
북서울중학교,공립,도봉구,도봉동,679
불암중학교,공립,노원구,하계동,1289
상경중학교,공립,노원구,상계동,989
상계제일중학교,공립,노원구,중계동,966
상계중학교,공립,노원구,상계동,1068
상원중학교,공립,노원구,상계동,863
수락중학교,공립,노원구,상계동,533
신도봉중학교,공립,도봉구,쌍문동,764
신방학중학교,공립,도봉구,방학동,813
신상중학교,공립,노원구,상계동,618
동대문중학교,공립,동대문구,전농동,771
동원중학교,공립,중랑구,망우동,428
면목중학교,공립,중랑구,면목동,922
봉화중학교,공립,중랑구,망우동,513
상봉중학교,공립,중랑구,상봉동,969
성일중학교,공립,동대문구,제기동,422
숭인중학교,공립,동대문구,답십리,507
신현중학교,공립,중랑구,상봉동,863
용마중학교,공립,중랑구,면목동,823
원묵중학교,공립,중랑구,묵동,1194
장안중학교,공립,중랑구,중화동,736
장평중학교,공립,동대문구,장안동,876
전농중학교,공립,동대문구,전농동,696
전동중학교,공립,동대문구,휘경동,578
전일중학교,공립,동대문구,전농동,667
중랑중학교,공립,중랑구,중화동,734
중화중학교,공립,중랑구,면목동,937
청량중학교,공립,동대문구,청량리동,691
태릉중학교,공립,중랑구,묵동,549
휘경중학교,공립,동대문구,휘경동,623
경희여자중학교,사립,동대문구,회기동,696
경희중학교,사립,동대문구,회기동,715
대광중학교,사립,동대문구,용신동,644
동국대학교사범대학부속중학교,사립,동대문구,장안동,687
송곡여자중학교,사립,중랑구,망우동,279
영란여자중학교,사립,중랑구,망우동,533
정화여자중학교,사립,동대문구,제기동,284
혜원여자중학교,사립,중랑구,망우동,740
휘경여자중학교,사립,동대문구,휘경동,699
가재울중학교,공립,서대문구,북가좌동,478
구산중학교,공립,은평구,구산동,908
덕산중학교,공립,은평구,신사동,672
불광중학교,공립,은평구,불광동,838
상신중학교,공립,은평구,신사동,617
상암중학교,공립,마포구,상암동,1155
서연중학교,공립,서대문구,연희동,573
서울여자중학교,공립,마포구,염리동,558
성사중학교,공립,마포구,성산동,738
성산중학교,공립,마포구,합정동,892
성서중학교,공립,마포구,성산동,757
신도중학교,공립,은평구,진관동,864
신수중학교,공립,마포구,신수동,600
신연중학교,공립,서대문구,연희동,610
아현중학교,공립,마포구,아현동,481
연북중학교,공립,서대문구,연희동,601
연서중학교,공립,은평구,증산동,729
연신중학교,공립,은평구,불광동,706
연천중학교,공립,은평구,불광동,588
연희중학교,공립,서대문구,남가좌동,860
은평중학교,공립,은평구,구산동,828
인왕중학교,공립,서대문구,홍제동,702
중암중학교,공립,마포구,성산동,1085
증산중학교,공립,은평구,증산동,595
진관중학교,공립,은평구,진관동,1047
창천중학교,공립,마포구,대흥동,462
홍은중학교,공립,서대문구,홍은동,565
경성중학교,사립,마포구,연남동,549
광성중학교,사립,마포구,신수동,481
대성중학교,사립,은평구,갈현동,970
동도중학교,사립,마포구,염리동,733
동명여자중학교,사립,서대문구,천연동,453
명지중학교,사립,서대문구,홍은동,914
선일여자중학교,사립,은평구,갈현동,882
신창중학교,공립,노원구,월계동,525
온곡중학교,공립,노원구,상계동,922
월계중학교,공립,노원구,월계동,520
을지중학교,공립,노원구,중계동,860
중계중학교,공립,노원구,중계동,1202
중원중학교,공립,노원구,중계동,1010
중평중학교,공립,노원구,하계동,1196
창동중학교,공립,도봉구,방학동,1038
창북중학교,공립,도봉구,창동,935
창일중학교,공립,도봉구,창동,1029
태랑중학교,공립,노원구,공릉동,882
하계중학교,공립,노원구,하계동,1404
한천중학교,공립,노원구,공릉동,1043
효문중학교,공립,도봉구,쌍문동,609
광운중학교,사립,노원구,월계동,625
상명중학교,사립,노원구,중계동,949
선덕중학교,사립,도봉구,쌍문동,921
염광중학교,사립,노원구,월계동,620
재현중학교,사립,노원구,중계동,898
정의여자중학교,사립,도봉구,쌍문동,587
청원중학교,사립,노원구,상계동,793
서울대학교사범대학부설여자중학교,국립,종로구,이화동,691
금호여자중학교,공립,중구,동화동,490
덕수중학교,공립,중구,광희동,341
선린중학교,공립,용산구,청파동,858
용강중학교,공립,용산구,이촌동,953
용산중학교,공립,용산구,용산동,534
장원중학교,공립,중구,다산동,370
창덕여자중학교,공립,중구,소공동,300
청운중학교,공립,종로구,청운효자동,669
한강중학교,공립,용산구,서빙고동,535
경신중학교,사립,종로구,혜화동,393
선정중학교,사립,은평구,갈현동,972
숭문중학교,사립,마포구,대흥동,561
숭실중학교,사립,은평구,신사동,572
영락중학교,사립,은평구,응암동,793
예일여자중학교,사립,은평구,구산동,935
이화여자대학교사범대학부속이화?금란중학교,사립,서대문구,신촌동,822
인창중학교,사립,서대문구,충현동,525
정원여자중학교,사립,서대문구,홍은동,642
중앙여자중학교,사립,서대문구,충현동,325
충암중학교,사립,은평구,응암동,1051
한성중학교,사립,서대문구,북아현동,496
홍익대학교사범대학부속여자중학교,사립,마포구,성산동,502
가산중학교,공립,금천구,독산동,625
개봉중학교,공립,구로구,개봉동,655
개웅중학교,공립,구로구,개봉동,938
경인중학교,공립,구로구,개봉동,856
고척중학교,공립,구로구,고척동,1325
구로중학교,공립,구로구,구로동,762
구일중학교,공립,구로구,구로동,718
난곡중학교,공립,금천구,독산동,668
당산서중학교,공립,영등포구,당산동,633
당산중학교,공립,영등포구,당산동,578
대림중학교,공립,영등포구,대림동,748
대영중학교,공립,영등포구,신길동,831
문래중학교,공립,영등포구,문래동,707
문성중학교,공립,금천구,독산동,571
선유중학교,공립,영등포구,양평동,634
세일중학교,공립,금천구,독산동,551
시흥중학교,공립,금천구,시흥동,972
신도림중학교,공립,구로구,신도림동,1106
안천중학교,공립,금천구,독산동,646
문현중학교,공립,송파구,장지동,815
방산중학교,공립,송파구,방이동,746
방이중학교,공립,송파구,방이동,741
서울체육중학교,공립,송파구,오륜동,163
석촌중학교,공립,송파구,가락동,717
성내중학교,공립,강동구,성내동,810
세륜중학교,공립,송파구,오금동,706
송례중학교,공립,송파구,위례동,285
송파중학교,공립,송파구,가락동,1328
신명중학교,공립,강동구,길동,902
신암중학교,공립,강동구,암사동,893
신천중학교,공립,송파구,잠실동,1375
아주중학교,공립,송파구,잠실동,901
오금중학교,공립,송파구,오금동,775
오륜중학교,공립,송파구,오륜동,843
오주중학교,공립,송파구,오금동,918
잠신중학교,공립,송파구,잠실동,1368
잠실중학교,공립,송파구,잠실동,1236
천일중학교,공립,강동구,천호동,928
천호중학교,공립,강동구,천호동,902
풍납중학교,공립,송파구,풍납동,595
풍성중학교,공립,송파구,풍납동,617
한산중학교,공립,강동구,둔촌동,682
동북중학교,사립,강동구,둔촌동,766
동신중학교,사립,강동구,천호동,669
배명중학교,사립,송파구,삼전동,867
배재중학교,사립,강동구,고덕동,888
보성중학교,사립,송파구,오륜동,676
보인중학교,사립,송파구,오금동,803
상일여자중학교,사립,강동구,상일동,408
성덕여자중학교,사립,강동구,천호동,796
영파여자중학교,사립,송파구,풍납동,555
일신여자중학교,사립,송파구,송파동,704
정신여자중학교,사립,송파구,잠실동,1184
한영중학교,사립,강동구,상일동,809
강신중학교,공립,양천구,신월동,1147
경서중학교,공립,강서구,가양동,346
공진중학교,공립,강서구,가양동,217
공항중학교,공립,강서구,공항동,678
금옥중학교,공립,양천구,신정동,1067
등명중학교,공립,강서구,등촌동,848
등원중학교,공립,강서구,등촌동,604
목동중학교,공립,양천구,신정동,1753
목운중학교,공립,양천구,목동,1634
목일중학교,공립,양천구,신정동,1521
방원중학교,공립,강서구,방화동,478
방화중학교,공립,강서구,방화동,575
백석중학교,공립,강서구,등촌동,1136
삼정중학교,공립,강서구,방화동,424
성재중학교,공립,강서구,가양동,496
송정중학교,공립,강서구,공항동,255
수명중학교,공립,강서구,발산동,726
신남중학교,공립,양천구,신월동,865
신목중학교,공립,양천구,목동,1791
신서중학교,공립,양천구,신정동,1549
신원중학교,공립,양천구,신월동,522
신월중학교,공립,양천구,신월동,1105
신화중학교,공립,양천구,신월동,1276
양강중학교,공립,양천구,신월동,1290
양동중학교,공립,양천구,목동,1176
양서중학교,공립,양천구,신월동,617
양천중학교,공립,양천구,신월동,970
염경중학교,공립,강서구,염창동,760
염창중학교,공립,강서구,염창동,1098
월촌중학교,공립,양천구,목동,1652
화원중학교,공립,강서구,화곡동,815
덕원중학교,사립,강서구,발산동,912
등촌중학교,사립,강서구,등촌동,489
마포중학교,사립,강서구,등촌동,652
명덕여자중학교,사립,강서구,발산동,689
봉영여자중학교,사립,양천구,신정동,558
신정여자중학교,사립,강서구,화곡동,658
양정중학교,사립,양천구,목동,651
영도중학교,사립,양천구,목동,565
화곡중학교,사립,강서구,발산동,680
개원중학교,공립,강남구,개포동,916
개포중학교,공립,강남구,개포동,462
경원중학교,공립,서초구,반포동,1226
구룡중학교,공립,강남구,개포동,838
대명중학교,공립,강남구,대치동,1106
대왕중학교,공립,강남구,일원동,1004
대청중학교,공립,강남구,대치동,1097
대치중학교,공립,강남구,도곡동,743
도곡중학교,공립,강남구,도곡동,793
반포중학교,공립,서초구,반포동,935
방배중학교,공립,서초구,반포동,593
봉은중학교,공립,강남구,삼성동,528
서운중학교,공립,서초구,서초동,1150
서일중학교,공립,서초구,서초동,1132
서초중학교,공립,서초구,서초동,835
세곡중학교,공립,강남구,세곡동,486
수서중학교,공립,강남구,수서동,399
신구중학교,공립,강남구,압구정동,465
신동중학교,공립,서초구,잠원동,996
신반포중학교,공립,서초구,반포동,1010
신사중학교,공립,강남구,신사동,487
압구정중학교,공립,강남구,압구정동,564
언남중학교,공립,서초구,양재동,542
언북중학교,공립,강남구,논현동,437
언주중학교,공립,강남구,삼성동,1079
역삼중학교,공립,강남구,역삼동,1303
영동중학교,공립,서초구,양재동,843
원촌중학교,공립,서초구,반포동,1107
이수중학교,공립,서초구,방배동,688
청담중학교,공립,강남구,청담동,561
단국대학교사범대학부속중학교,사립,강남구,대치동,601
동덕여자중학교,사립,서초구,방배동,595
서문여자중학교,사립,서초구,방배동,877
세화여자중학교,사립,서초구,반포동,1028
숙명여자중학교,사립,강남구,도곡동,889
은성중학교,사립,강남구,도곡동,505
중동중학교,사립,강남구,일원동,890
진선여자중학교,사립,강남구,역삼동,1050
휘문중학교,사립,강남구,대치동,835
강남중학교,공립,동작구,대방동,606
강현중학교,공립,동작구,상도동,580
관악중학교,공립,관악구,행운동,532
구암중학교,공립,관악구,성현동,1448
국사봉중학교,공립,동작구,상도동,513
난우중학교,공립,관악구,난곡동,807
남서울중학교,공립,관악구,미성동,553
남성중학교,공립,동작구,사당동,512
당곡중학교,공립,관악구,보라매동,806
대방중학교,공립,동작구,신대방,1026
동작중학교,공립,동작구,사당동,493
문창중학교,공립,동작구,신대방,614
미성중학교,공립,관악구,미성동,645
봉림중학교,공립,관악구,청룡동,519
봉원중학교,공립,관악구,행운동,716
사당중학교,공립,동작구,사당동,581
삼성중학교,공립,관악구,대학동,486
상도중학교,공립,동작구,사당동,588
상현중학교,공립,동작구,상도동,657
신관중학교,공립,관악구,서원동,442
신림중학교,공립,관악구,서림동,524
영등포중학교,공립,동작구,대방동,393
인헌중학교,공립,관악구,인헌동,885
장승중학교,공립,동작구,상도동,796
광신중학교,사립,관악구,삼성동,474
남강중학교,사립,관악구,난곡동,604
동양중학교,사립,동작구,흑석동,503
서울문영여자중학교,사립,관악구,청룡동,403
성남중학교,사립,동작구,대방동,818
성보중학교,사립,관악구,미성동,840
숭의여자중학교,사립,동작구,대방동,610
중앙대학교사범대학부속중학교,사립,동작구,흑석동,985
경수중학교,공립,성동구,성수동,566
경일중학교,공립,성동구,성수동,466
광남중학교,공립,광진구,광장동,1346
광양중학교,공립,광진구,자양동,707
광장중학교,공립,광진구,광장동,922
광진중학교,공립,광진구,자양동,626
광희중학교,공립,성동구,응봉동,945
구의중학교,공립,광진구,화양동,716
동마중학교,공립,성동구,마장동,589
마장중학교,공립,성동구,마장동,604
무학중학교,공립,성동구,행당동,1101
성수중학교,공립,성동구,성수동,442
성원중학교,공립,성동구,성수동,477
신양중학교,공립,광진구,자양동,500
양진중학교,공립,광진구,광장동,1105
옥정중학교,공립,성동구,옥수동,827
용곡중학교,공립,광진구,중곡동,1227
자양중학교,공립,광진구,자양동,1085
행당중학교,공립,성동구,사근동,468
건국대학교사범대학부속중학교,사립,광진구,화양동,864
대원국제중학교,사립,광진구,중곡동,492
동국대학교사범대학부속여자중학교,사립,광진구,구의동,788
한양대학교사범대학부속중학교,사립,성동구,사근동,701
서울대학교사범대학부설중학교,국립,성북구,종암동,799
강북중학교,공립,강북구,수유동,651
개운중학교,공립,성북구,돈암동,678
길음중학교,공립,성북구,길음동,733
미양중학교,공립,강북구,삼양동,653
번동중학교,공립,강북구,번동,790
북악중학교,공립,성북구,정릉동,521
삼각산중학교,공립,강북구,삼각산동,1305
삼선중학교,공립,성북구,성북동,712
석관중학교,공립,성북구,석관동,838
수송중학교,공립,강북구,번동,736
수유중학교,공립,강북구,수유동,639
숭곡중학교,공립,성북구,월곡동,690
월곡중학교,공립,성북구,월곡동,741
인수중학교,공립,강북구,인수동,668
장위중학교,공립,성북구,장위동,796
종암중학교,공립,성북구,종암동,793
화계중학교,공립,강북구,수유동,679
고려대학교사범대학부속중학교,사립,성북구,정릉동,1091
고명중학교,사립,성북구,돈암동,566
남대문중학교,사립,성북구,장위동,820
동구여자중학교,사립,성북구,성북동,639
서라벌중학교,사립,강북구,우이동,478
성신여자중학교,사립,성북구,동선동,761
성암여자중학교,사립,강북구,송천동,770
신일중학교,사립,강북구,미아동,496
영훈국제중학교,사립,강북구,송천동,482
용문중학교,사립,성북구,안암동,418
창문여자중학교,사립,강북구,송중동,605
한성여자중학교,사립,성북구,삼선동,575
홍익대학교사범대학부속중학교,사립,성북구,성북동,635
대경중학교,사립,중구,청구동,497
대신중학교,사립,종로구,교남동,500
덕성여자중학교,사립,종로구,삼청동,274
동성중학교,사립,종로구,혜화동,532
배문중학교,사립,용산구,청파동,577
배화여자중학교,사립,종로구,청운효자동,565
보성여자중학교,사립,용산구,용산동,486
상명대학교사범대학부속여자중학교,사립,종로구,부암동,422
성심여자중학교,사립,용산구,원효로동,376
신광여자중학교,사립,용산구,청파동,397
오산중학교,사립,용산구,보광동,594
장충중학교,사립,중구,다산동,390
중앙중학교,사립,종로구,가회동,354
한양중학교,사립,중구,신당동,313
환일중학교,사립,마포구,공덕동,259
가락중학교,공립,송파구,송파동,1028
가원중학교,공립,송파구,가락동,762
강동중학교,공립,강동구,강일동,635
강명중학교,공립,강동구,강일동,585
강일중학교,공립,강동구,암사동,746
거원중학교,공립,송파구,거여동,722
고덕중학교,공립,강동구,고덕동,698
둔촌중학교,공립,강동구,둔촌동,589
명일중학교,공립,강동구,고덕동,896
문정중학교,공립,송파구,문정동,869
국악고등학교,국립,강남구,개포동,446
서울대학교사범대학부설고등학교,국립,성북구,종암동,973
전통예술고등학교,국립,금천구,시흥동,521
가락고등학교,공립,송파구,송파동,1194
가재울고등학교,공립,서대문구,북가좌동,525
강일고등학교,공립,강동구,강일동,768
개포고등학교,공립,강남구,개포동,1205
경기고등학교,공립,강남구,삼성동,1737
경기여자고등학교,공립,강남구,개포동,1675
경동고등학교,공립,성북구,삼선동,851
경복고등학교,공립,종로구,청운효자동,1444
경인고등학교,공립,구로구,고척동,1465
경일고등학교,공립,성동구,성수동,619
고척고등학교,공립,구로구,고척동,958
공항고등학교,공립,강서구,방화동,810
관악고등학교,공립,영등포구,양평동,1116
광남고등학교,공립,광진구,광장동,1885
광양고등학교,공립,광진구,자양동,919
구로고등학교,공립,구로구,구로동,1236
구암고등학교,공립,관악구,성현동,821
구일고등학교,공립,구로구,구로동,1352
구현고등학교,공립,구로구,구로동,931
금옥여자고등학교,공립,양천구,신정동,877
금천고등학교,공립,금천구,시흥동,972
노원고등학교,공립,노원구,상계동,980
누원고등학교,공립,도봉구,도봉동,865
당곡고등학교,공립,관악구,보라매동,1015
대영고등학교,공립,영등포구,신길동,860
도봉고등학교,공립,도봉구,도봉동,403
독산고등학교,공립,금천구,독산동,993
동작고등학교,공립,동작구,사당동,1153
둔촌고등학교,공립,강동구,둔촌동,1186
등촌고등학교,공립,강서구,등촌동,872
면목고등학교,공립,중랑구,면목동,951
명일여자고등학교,공립,강동구,명일동,1069
무학여자고등학교,공립,성동구,행당동,1340
문정고등학교,공립,송파구,장지동,1015
문현고등학교,공립,송파구,장지동,899
미양고등학교,공립,강북구,삼양동,600
반포고등학교,공립,서초구,반포동,1199
방산고등학교,공립,송파구,방이동,1239
불암고등학교,공립,노원구,중계동,1310
삼각산고등학교,공립,강북구,삼각산동,893
삼성고등학교,공립,관악구,대학동,719
상계고등학교,공립,노원구,상계동,1441
상암고등학교,공립,마포구,상암동,1016
서울고등학교,공립,서초구,서초동,1810
서울과학고등학교,공립,종로구,혜화동,386
서울국제고등학교,공립,종로구,혜화동,455
서울여자고등학교,공립,마포구,염리동,957
서울체육고등학교,공립,송파구,오륜동,399
서초고등학교,공립,서초구,서초동,1197
석관고등학교,공립,성북구,석관동,1147
선사고등학교,공립,강동구,암사동,701
선유고등학교,공립,영등포구,양평동,861
성동고등학교,공립,중구,신당동,884
성수고등학교,공립,성동구,성수동,1020
세종과학고등학교,공립,구로구,수궁동,356
세현고등학교,공립,강서구,가양동,815
수도여자고등학교,공립,동작구,신대방,1288
수락고등학교,공립,노원구,상계동,818
수명고등학교,공립,강서구,발산동,793
신도고등학교,공립,은평구,진관동,904
신도림고등학교,공립,구로구,신도림동,899
신림고등학교,공립,관악구,미성동,849
신목고등학교,공립,양천구,신정동,1653
신서고등학교,공립,양천구,신정동,777
신현고등학교,공립,중랑구,상봉동,933
압구정고등학교,공립,강남구,압구정동,1203
양재고등학교,공립,서초구,서초동,1232
언남고등학교,공립,서초구,양재동,918
여의도고등학교,공립,영등포구,여의도동,1177
여의도여자고등학교,공립,영등포구,여의도동,1022
영등포고등학교,공립,동작구,대방동,806
영등포여자고등학교,공립,영등포구,영등포동,974
영신고등학교,공립,영등포구,신길동,1249
오금고등학교,공립,송파구,오금동,1254
용산고등학교,공립,용산구,용산동,1393
원묵고등학교,공립,중랑구,묵동,939
월계고등학교,공립,노원구,월계동,1024
은평고등학교,공립,은평구,구산동,653
인헌고등학교,공립,관악구,인헌동,734
자양고등학교,공립,광진구,자양동,1394
자운고등학교,공립,도봉구,창동,1234
잠신고등학교,공립,송파구,잠실동,1284
잠실고등학교,공립,송파구,잠실동,1146
잠일고등학교,공립,송파구,잠실동,617
중경고등학교,공립,용산구,이촌동,505
중화고등학교,공립,중랑구,중화동,937
진관고등학교,공립,은평구,진관동,1091
창덕여자고등학교,공립,송파구,오륜동,1432
창동고등학교,공립,도봉구,창동,1465
청담고등학교,공립,강남구,압구정동,1023
청량고등학교,공립,동대문구,청량리동,1094
태릉고등학교,공립,중랑구,묵동,1212
한성과학고등학교,공립,서대문구,천연동,306
혜화여자고등학교,공립,강북구,수유동,1103
효문고등학교,공립,도봉구,쌍문동,716
휘봉고등학교,공립,동대문구,휘경동,628
강동고등학교,사립,강동구,상일동,890
강서고등학교,사립,양천구,목동,1747
건국대학교사범대학부속고등학교,사립,광진구,화양동,1442
경문고등학교,사립,동작구,사당동,806
경복여자고등학교,사립,강서구,등촌동,831
경성고등학교,사립,마포구,연남동,862
경신고등학교,사립,종로구,혜화동,1115
경희고등학교,사립,동대문구,회기동,785
경희여자고등학교,사립,동대문구,회기동,800
계성여자고등학교,사립,중구,명동,702
고려대학교사범대학부속고등학교,사립,성북구,정릉동,1031
광문고등학교,사립,강동구,고덕동,1367
광성고등학교,사립,마포구,신수동,904
광신고등학교,사립,관악구,삼성동,1091
광영고등학교,사립,양천구,신월동,1328
광영여자고등학교,사립,양천구,신월동,1391
남강고등학교,사립,관악구,난곡동,1131
단국대학교사범대학부속고등학교,사립,강남구,대치동,1695
대광고등학교,사립,동대문구,용신동,917
대성고등학교,사립,은평구,갈현동,1189
대신고등학교,사립,종로구,교남동,997
대원고등학교,사립,광진구,중곡동,1299
대원여자고등학교,사립,광진구,중곡동,1270
대원외국어고등학교,사립,광진구,중곡동,1024
대일고등학교,사립,강서구,등촌동,1592
대일외국어고등학교,사립,성북구,정릉동,1088
대진고등학교,사립,노원구,하계동,1626
대진여자고등학교,사립,노원구,중계동,1622
덕성여자고등학교,사립,종로구,삼청동,907
덕원여자고등학교,사립,강서구,발산동,1509
덕원예술고등학교,사립,강서구,발산동,640
동국대학교사범대학부속고등학교,사립,동대문구,장안동,1398
동국대학교사범대학부속여자고등학교,사립,광진구,구의동,1231
동덕여자고등학교,사립,서초구,방배동,1465
동명여자고등학교,사립,은평구,대조동,1421
동북고등학교,사립,강동구,둔촌동,1657
동성고등학교,사립,종로구,혜화동,999
동양고등학교,사립,강서구,가양동,495
동일여자고등학교,사립,금천구,시흥동,1269
문일고등학교,사립,금천구,시흥동,1504
미림여자고등학교,사립,관악구,대학동,721
배명고등학교,사립,송파구,삼전동,1274
배문고등학교,사립,용산구,청파동,925
배재고등학교,사립,강동구,고덕동,1189
배화여자고등학교,사립,종로구,청운효자동,822
백암고등학교,사립,양천구,신정동,1243
보성고등학교,사립,송파구,오륜동,1464
보성여자고등학교,사립,용산구,용산동,582
보인고등학교,사립,송파구,오금동,1217
상명고등학교,사립,노원구,중계동,1196
상명대학교사범대학부속여자고등학교,사립,종로구,부암동,900
상문고등학교,사립,서초구,서초동,1631
상일여자고등학교,사립,강동구,상일동,1272
서라벌고등학교,사립,노원구,중계동,1887
서문여자고등학교,사립,서초구,방배동,1589
서울공연예술고등학교,사립,구로구,수궁동,801
서울문영여자고등학교,사립,관악구,청룡동,984
서울미술고등학교,사립,관악구,행운동,617
서울세종고등학교,사립,강남구,수서동,1021
서울예술고등학교,사립,종로구,평창동,1108
서울외국어고등학교,사립,도봉구,창동,865
선덕고등학교,사립,도봉구,쌍문동,1080
선일여자고등학교,사립,은평구,갈현동,1315
선정고등학교,사립,은평구,갈현동,1466
선화예술고등학교,사립,광진구,능동,1086
성남고등학교,사립,동작구,대방동,1506
성덕고등학교,사립,강동구,천호동,513
성보고등학교,사립,관악구,미성동,1022
성신여자고등학교,사립,성북구,동선동,1263
성심여자고등학교,사립,용산구,원효로동,836
세화고등학교,사립,서초구,반포동,1134
세화여자고등학교,사립,서초구,반포동,1144
송곡고등학교,사립,중랑구,망우동,1228
송곡여자고등학교,사립,중랑구,망우동,1106
숙명여자고등학교,사립,강남구,도곡동,1814
숭문고등학교,사립,마포구,대흥동,703
숭실고등학교,사립,은평구,신사동,1451
숭의여자고등학교,사립,동작구,대방동,1143
신광여자고등학교,사립,용산구,청파동,463
신일고등학교,사립,강북구,미아동,1095
양정고등학교,사립,양천구,목동,1282
양천고등학교,사립,양천구,신정동,1285
염광고등학교,사립,노원구,월계동,1006
영동고등학교,사립,강남구,청담동,1583
영동일고등학교,사립,송파구,잠실동,1496
영락고등학교,사립,관악구,청룡동,684
영신여자고등학교,사립,노원구,중계동,1369
영일고등학교,사립,강서구,등촌동,1505
영파여자고등학교,사립,송파구,풍납동,1422
영훈고등학교,사립,강북구,송천동,1442
예일여자고등학교,사립,은평구,구산동,1507
오류고등학교,사립,구로구,수궁동,822
오산고등학교,사립,용산구,보광동,917
용문고등학교,사립,성북구,안암동,1051
용화여자고등학교,사립,노원구,상계동,1550
우신고등학교,사립,구로구,수궁동,667
은광여자고등학교,사립,강남구,도곡동,1342
이화여자고등학교,사립,중구,소공동,1266
이화여자대학교사범대학부속이화금란고등학교,사립,서대문구,신촌동,1173
이화여자외국어고등학교,사립,중구,소공동,510
인창고등학교,사립,서대문구,충현동,918
잠실여자고등학교,사립,송파구,송파동,1480
장충고등학교,사립,중구,다산동,623
장훈고등학교,사립,영등포구,영등포동,981
재현고등학교,사립,노원구,중계동,1529
정신여자고등학교,사립,송파구,잠실동,1474
정의여자고등학교,사립,도봉구,쌍문동,1394
중동고등학교,사립,강남구,일원동,1168
중산고등학교,사립,강남구,일원동,1441
중앙고등학교,사립,종로구,가회동,959
중앙대학교사범대학부속고등학교,사립,강남구,도곡동,1444
중앙여자고등학교,사립,서대문구,충현동,954
진명여자고등학교,사립,양천구,목동,1930
진선여자고등학교,사립,강남구,역삼동,1451
창문여자고등학교,사립,강북구,송중동,1482
청원고등학교,사립,노원구,상계동,1909
청원여자고등학교,사립,노원구,상계동,1448
충암고등학교,사립,은평구,응암동,1504
풍문여자고등학교,사립,종로구,삼청동,1107
하나고등학교,사립,은평구,진관동,619
한가람고등학교,사립,양천구,목동,839
한광고등학교,사립,강서구,화곡동,574
한국삼육고등학교,사립,노원구,공릉동,621
한서고등학교,사립,강서구,방화동,912
한성고등학교,사립,서대문구,북아현동,1035
한성여자고등학교,사립,성북구,삼선동,989
한양대학교사범대학부속고등학교,사립,성동구,사근동,1249
한영고등학교,사립,강동구,상일동,1723
한영외국어고등학교,사립,강동구,상일동,985
해성여자고등학교,사립,동대문구,전농동,904
현대고등학교,사립,강남구,신사동,1266
혜성여자고등학교,사립,노원구,하계동,1397
혜원여자고등학교,사립,중랑구,망우동,1092
홍익대학교사범대학부속고등학교,사립,성북구,성북동,756
홍익대학교사범대학부속여자고등학교,사립,마포구,성산동,1059
화곡고등학교,사립,강서구,발산동,1058
환일고등학교,사립,마포구,공덕동,1152
휘경여자고등학교,사립,동대문구,휘경동,1182
휘문고등학교,사립,강남구,대치동,1331
강서공업고등학교,공립,강서구,방화동,621
경기기계공업고등학교,공립,노원구,하계동,1262
경기상업고등학교,공립,종로구,청운효자동,707
덕수고등학교,공립,성동구,사근동,1413
서울공업고등학교,공립,동작구,대방동,1445
서울금융고등학교,공립,양천구,신월동,754
서울도시과학기술고등학교,공립,성북구,월곡동,733
서울로봇고등학교,공립,강남구,일원동,513
서울문화고등학교,공립,도봉구,방학동,762
서울방송고등학교,공립,성동구,옥수동,523
서울전자고등학교,공립,서초구,방배동,574
선린인터넷고등학교,공립,용산구,청파동,885
성동공업고등학교,공립,중구,신당동,810
성동글로벌경영고등학교,공립,중구,신당동,727
성수공업고등학교,공립,성동구,성수동,627
송파공업고등학교,공립,송파구,거여동,613
용산공업고등학교,공립,용산구,한강로동,788
한강미디어고등학교,공립,영등포구,양평동,582
휘경공업고등학교,공립,동대문구,휘경동,829
경기여자상업고등학교,사립,중구,중림동,373
경복비즈니스고등학교,사립,강서구,등촌동,676
고명정보산업고등학교,사립,성북구,돈암동,606
광신정보산업고등학교,사립,관악구,삼성동,515
광운전자공업고등학교,사립,노원구,월계동,1066
단국공업고등학교,사립,강남구,대치동,349
대경정보산업고등학교,사립,중구,청구동,655
대동세무고등학교,사립,종로구,가회동,759
대일관광고등학교,사립,성북구,정릉동,622
대진디자인고등학교,사립,강남구,수서동,651
덕일전자공업고등학교,사립,구로구,오류동,340
동구마케팅고등학교,사립,성북구,성북동,745
동명여자정보산업고등학교,사립,은평구,대조동,387
동산정보산업고등학교,사립,노원구,공릉동,1510
동일여자상업고등학교,사립,금천구,시흥동,993
리라아트고등학교,사립,중구,필동,512
미래산업과학고등학교,사립,노원구,중계동,590
미림여자정보과학고등학교,사립,관악구,대학동,356
상일미디어고등학교,사립,강동구,상일동,802
서서울생활과학고등학교,사립,구로구,수궁동,1182
서울관광고등학교,사립,관악구,은천동,750
서울디자인고등학교,사립,마포구,염리동,778
서울디지텍고등학교,사립,용산구,이태원동,443
서울아이티고등학교,사립,노원구,중계동,742
서울여자상업고등학교,사립,관악구,청룡동,757
서울영상고등학교,사립,양천구,신정동,451
서울컨벤션고등학교,사립,강동구,고덕동,820
서일국제경영고등학교,사립,종로구,창신동,404
선일이비즈니스고등학교,사립,은평구,갈현동,662
선정관광고등학교,사립,은평구,갈현동,362
성암국제무역고등학교,사립,강북구,송천동,584
세그루패션디자인고등학교,사립,도봉구,쌍문동,653
세명컴퓨터고등학교,사립,은평구,불광동,598
세민정보고등학교,사립,강서구,방화동,1016
송곡관광고등학교,사립,중랑구,망우동,528
수도전기공업고등학교,사립,강남구,개포동,591
신정여자상업고등학교,사립,강서구,화곡동,757
신진자동차고등학교,사립,은평구,응암동,607
염광여자메디텍고등학교,사립,노원구,월계동,610
영등포공업고등학교,사립,강서구,가양동,658
영락유헬스고등학교,사립,관악구,청룡동,382
영신간호비즈니스고등학교,사립,노원구,중계동,660
예림디자인고등학교,사립,구로구,수궁동,454
예일디자인고등학교,사립,은평구,구산동,604
유한공업고등학교,사립,구로구,오류동,596
은평메디텍고등학교,사립,은평구,진관동,594
이화여자대학교병설미디어고등학교,사립,중랑구,망우동,732
인덕공업고등학교,사립,노원구,월계동,738
일신여자상업고등학교,사립,송파구,송파동,1195
정화여자상업고등학교,사립,동대문구,제기동,509
한세사이버보안고등학교,사립,마포구,아현동,389
한양공업고등학교,사립,중구,신당동,963
해성국제컨벤션고등학교,사립,동대문구,전농동,662
홍익디자인고등학교,사립,마포구,연남동,451
화곡보건경영고등학교,사립,강서구,발산동,595
마포고등학교,사립,강서구,등촌동,1213
명덕고등학교,사립,강서구,발산동,1128
명덕여자고등학교,사립,강서구,발산동,1696
명덕외국어고등학교,사립,강서구,발산동,1016
명지고등학교,사립,서대문구,홍은동,1830
목동고등학교,사립,양천구,신정동,1847
