YEAR,행정동코드,AREA,MAP_LEVEL,행정명,시군구,행정동,시군구명,동명
2019,1101072,2.57,4,서울특별시,종로구,청운효자동,종로구,청운효자동
2019,1101053,1.23,4,서울특별시,종로구,사직동,종로구,사직동
2019,1101054,1.49,4,서울특별시,종로구,삼청동,종로구,삼청동
2019,1101055,2.27,4,서울특별시,종로구,부암동,종로구,부암동
2019,1101056,8.87,4,서울특별시,종로구,평창동,종로구,평창동
2019,1101057,0.36,4,서울특별시,종로구,무악동,종로구,무악동
2019,1101058,0.35,4,서울특별시,종로구,교남동,종로구,교남동
2019,1101060,0.54,4,서울특별시,종로구,가회동,종로구,가회동
2019,1101061,2.35,4,서울특별시,종로구,종로1·2·3·4가동,종로구,종로가동
2019,1101063,0.6,4,서울특별시,종로구,종로5·6가동,종로구,종로가동
2019,1101064,0.78,4,서울특별시,종로구,이화동,종로구,이화동
2019,1101073,1.12,4,서울특별시,종로구,혜화동,종로구,혜화동
2019,1101067,0.31,4,서울특별시,종로구,창신동,종로구,창신동
2019,1101068,0.26,4,서울특별시,종로구,창신동,종로구,창신동
2019,1101069,0.23,4,서울특별시,종로구,창신동,종로구,창신동
2019,1101070,0.23,4,서울특별시,종로구,숭인동,종로구,숭인동
2019,1101071,0.35,4,서울특별시,종로구,숭인동,종로구,숭인동
2019,1102052,0.95,4,서울특별시,중구,소공동,중구,소공동
2019,1102054,0.84,4,서울특별시,중구,회현동,중구,회현동
2019,1102055,0.99,4,서울특별시,중구,명동,중구,명동
2019,1102057,1.14,4,서울특별시,중구,필동,중구,필동
2019,1102058,1.36,4,서울특별시,중구,장충동,중구,장충동
2019,1102059,0.74,4,서울특별시,중구,광희동,중구,광희동
2019,1102060,0.6,4,서울특별시,중구,을지로동,중구,을지로동
2019,1102069,0.55,4,서울특별시,중구,신당동,중구,신당동
2019,1102070,0.51,4,서울특별시,중구,다산동,중구,다산동
2019,1102071,0.48,4,서울특별시,중구,약수동,중구,약수동
2019,1102072,0.34,4,서울특별시,중구,청구동,중구,청구동
2019,1102065,0.39,4,서울특별시,중구,신당동,중구,신당동
2019,1102073,0.26,4,서울특별시,중구,동화동,중구,동화동
2019,1102067,0.33,4,서울특별시,중구,황학동,중구,황학동
2019,1102068,0.48,4,서울특별시,중구,중림동,중구,중림동
2019,1103051,0.86,4,서울특별시,용산구,후암동,용산구,후암동
2019,1103052,1.96,4,서울특별시,용산구,용산2가동,용산구,용산가동
2019,1103053,1.19,4,서울특별시,용산구,남영동,용산구,남영동
2019,1103071,0.91,4,서울특별시,용산구,청파동,용산구,청파동
2019,1103072,0.59,4,서울특별시,용산구,원효로동,용산구,원효로동
2019,1103057,0.71,4,서울특별시,용산구,원효로동,용산구,원효로동
2019,1103058,0.44,4,서울특별시,용산구,효창동,용산구,효창동
2019,1103059,0.28,4,서울특별시,용산구,용문동,용산구,용문동
2019,1103073,2.9,4,서울특별시,용산구,한강로동,용산구,한강로동
2019,1103063,2.86,4,서울특별시,용산구,이촌동,용산구,이촌동
2019,1103064,1.22,4,서울특별시,용산구,이촌동,용산구,이촌동
2019,1103065,0.57,4,서울특별시,용산구,이태원동,용산구,이태원동
2019,1103066,0.86,4,서울특별시,용산구,이태원동,용산구,이태원동
2019,1103074,3.01,4,서울특별시,용산구,한남동,용산구,한남동
2019,1103069,2.8,4,서울특별시,용산구,서빙고동,용산구,서빙고동
2019,1103070,0.71,4,서울특별시,용산구,보광동,용산구,보광동
2019,1104071,0.72,4,서울특별시,성동구,왕십리도선동,성동구,왕십리도선동
2019,1104052,0.41,4,서울특별시,성동구,왕십리동,성동구,왕십리동
2019,1104054,1.05,4,서울특별시,성동구,마장동,성동구,마장동
2019,1104055,1.1,4,서울특별시,성동구,사근동,성동구,사근동
2019,1104056,0.59,4,서울특별시,성동구,행당동,성동구,행당동
2019,1104057,0.42,4,서울특별시,성동구,행당동,성동구,행당동
2019,1104058,0.57,4,서울특별시,성동구,응봉동,성동구,응봉동
2019,1104059,0.46,4,서울특별시,성동구,금호1가동,성동구,금호가동
2019,1104072,0.64,4,서울특별시,성동구,금호2·3가동,성동구,금호가동
2019,1104062,0.84,4,서울특별시,성동구,금호4가동,성동구,금호가동
2019,1104073,1.95,4,서울특별시,성동구,옥수동,성동구,옥수동
2019,1104065,1.98,4,서울특별시,성동구,성수1가동,성동구,성수가동
2019,1104066,0.89,4,서울특별시,성동구,성수1가동,성동구,성수가동
2019,1104067,1.18,4,서울특별시,성동구,성수2가동,성동구,성수가동
2019,1104068,1.03,4,서울특별시,성동구,성수2가동,성동구,성수가동
2019,1104069,0.75,4,서울특별시,성동구,송정동,성동구,송정동
2019,1104070,2.32,4,서울특별시,성동구,용답동,성동구,용답동
2019,1105055,0.62,4,서울특별시,광진구,중곡동,광진구,중곡동
2019,1105056,0.55,4,서울특별시,광진구,중곡동,광진구,중곡동
2019,1105057,0.6,4,서울특별시,광진구,중곡동,광진구,중곡동
2019,1105058,2.32,4,서울특별시,광진구,중곡동,광진구,중곡동
2019,1105059,1.1,4,서울특별시,광진구,능동,광진구,능동
2019,1105060,0.56,4,서울특별시,광진구,구의동,광진구,구의동
2019,1105061,1.39,4,서울특별시,광진구,구의동,광진구,구의동
2019,1105062,1.02,4,서울특별시,광진구,구의동,광진구,구의동
2019,1105063,2.39,4,서울특별시,광진구,광장동,광진구,광장동
2019,1105064,0.57,4,서울특별시,광진구,자양동,광진구,자양동
2019,1105065,1.68,4,서울특별시,광진구,자양동,광진구,자양동
2019,1105066,1.2,4,서울특별시,광진구,자양동,광진구,자양동
2019,1105067,1.16,4,서울특별시,광진구,자양동,광진구,자양동
2019,1105053,1.16,4,서울특별시,광진구,화양동,광진구,화양동
2019,1105054,0.74,4,서울특별시,광진구,군자동,광진구,군자동
2019,1106081,1.61,4,서울특별시,동대문구,용신동,동대문구,용신동
2019,1106082,1.18,4,서울특별시,동대문구,동,동대문구,동
2019,1106083,1.19,4,서울특별시,동대문구,전농동,동대문구,전농동
2019,1106084,0.86,4,서울특별시,동대문구,전농동,동대문구,전농동
2019,1106091,0.81,4,서울특별시,동대문구,답십리동,동대문구,답십리동
2019,1106086,0.85,4,서울특별시,동대문구,답십리동,동대문구,답십리동
2019,1106087,1.25,4,서울특별시,동대문구,장안동,동대문구,장안동
2019,1106088,1.09,4,서울특별시,동대문구,장안동,동대문구,장안동
2019,1106080,1.2,4,서울특별시,동대문구,청량리동,동대문구,청량리동
2019,1106071,0.76,4,서울특별시,동대문구,회기동,동대문구,회기동
2019,1106072,0.63,4,서울특별시,동대문구,휘경동,동대문구,휘경동
2019,1106073,1.05,4,서울특별시,동대문구,휘경동,동대문구,휘경동
2019,1106089,1.04,4,서울특별시,동대문구,이문동,동대문구,이문동
2019,1106090,0.69,4,서울특별시,동대문구,이문동,동대문구,이문동
2019,1107071,1.01,4,서울특별시,중랑구,면목동,중랑구,면목동
2019,1107052,0.73,4,서울특별시,중랑구,면목동,중랑구,면목동
2019,1107072,1.67,4,서울특별시,중랑구,면목·8동,중랑구,면목동
2019,1107054,1.1,4,서울특별시,중랑구,면목동,중랑구,면목동
2019,1107055,0.64,4,서울특별시,중랑구,면목동,중랑구,면목동
2019,1107057,0.87,4,서울특별시,중랑구,면목동,중랑구,면목동
2019,1107059,0.85,4,서울특별시,중랑구,상봉동,중랑구,상봉동
2019,1107060,0.68,4,서울특별시,중랑구,상봉동,중랑구,상봉동
2019,1107061,0.68,4,서울특별시,중랑구,중화동,중랑구,중화동
2019,1107062,0.98,4,서울특별시,중랑구,중화동,중랑구,중화동
2019,1107064,1.2,4,서울특별시,중랑구,묵동,중랑구,묵동
2019,1107065,0.7,4,서울특별시,중랑구,묵동,중랑구,묵동
2019,1107073,2.88,4,서울특별시,중랑구,망우동,중랑구,망우동
2019,1107068,0.99,4,서울특별시,중랑구,망우동,중랑구,망우동
2019,1107069,2.53,4,서울특별시,중랑구,신내1동,중랑구,신내동
2019,1107070,0.99,4,서울특별시,중랑구,신내2동,중랑구,신내동
2019,1108081,2.86,4,서울특별시,성북구,성북동,성북구,성북동
2019,1108082,0.92,4,서울특별시,성북구,삼선동,성북구,삼선동
2019,1108083,0.73,4,서울특별시,성북구,동선동,성북구,동선동
2019,1108058,0.49,4,서울특별시,성북구,돈암동,성북구,돈암동
2019,1108059,0.48,4,서울특별시,성북구,돈암동,성북구,돈암동
2019,1108060,1.33,4,서울특별시,성북구,안암동,성북구,안암동
2019,1108061,0.56,4,서울특별시,성북구,보문동,성북구,보문동
2019,1108062,0.44,4,서울특별시,성북구,정릉동,성북구,정릉동
2019,1108063,1.17,4,서울특별시,성북구,정릉동,성북구,정릉동
2019,1108064,3.71,4,서울특별시,성북구,정릉동,성북구,정릉동
2019,1108065,3.13,4,서울특별시,성북구,정릉동,성북구,정릉동
2019,1108066,0.79,4,서울특별시,성북구,길음동,성북구,길음동
2019,1108068,0.58,4,서울특별시,성북구,길음동,성북구,길음동
2019,1108084,1.46,4,서울특별시,성북구,종암동,성북구,종암동
2019,1108071,0.81,4,서울특별시,성북구,월곡동,성북구,월곡동
2019,1108072,1.36,4,서울특별시,성북구,월곡동,성북구,월곡동
2019,1108076,0.7,4,서울특별시,성북구,장위동,성북구,장위동
2019,1108077,0.67,4,서울특별시,성북구,장위동,성북구,장위동
2019,1108078,0.65,4,서울특별시,성북구,장위동,성북구,장위동
2019,1108085,1.73,4,서울특별시,성북구,석관동,성북구,석관동
2019,1109069,0.91,4,서울특별시,강북구,삼양동,강북구,삼양동
2019,1109070,0.93,4,서울특별시,강북구,미아동,강북구,미아동
2019,1109071,1.01,4,서울특별시,강북구,송중동,강북구,송중동
2019,1109072,0.9,4,서울특별시,강북구,송천동,강북구,송천동
2019,1109073,0.62,4,서울특별시,강북구,삼각산동,강북구,삼각산동
2019,1109060,0.66,4,서울특별시,강북구,번1동,강북구,번동
2019,1109061,0.95,4,서울특별시,강북구,번2동,강북구,번동
2019,1109062,1.1,4,서울특별시,강북구,번3동,강북구,번동
2019,1109063,1.67,4,서울특별시,강북구,수유1동,강북구,수유동
2019,1109064,0.57,4,서울특별시,강북구,수유2동,강북구,수유동
2019,1109065,0.72,4,서울특별시,강북구,수유3동,강북구,수유동
2019,1109074,10.28,4,서울특별시,강북구,우이동,강북구,우이동
2019,1109075,3.28,4,서울특별시,강북구,인수동,강북구,인수동
2019,1110051,1.24,4,서울특별시,도봉구,쌍문동,도봉구,쌍문동
2019,1110052,0.54,4,서울특별시,도봉구,쌍문동,도봉구,쌍문동
2019,1110053,0.5,4,서울특별시,도봉구,쌍문동,도봉구,쌍문동
2019,1110054,0.52,4,서울특별시,도봉구,쌍문동,도봉구,쌍문동
2019,1110055,0.69,4,서울특별시,도봉구,방학동,도봉구,방학동
2019,1110056,0.74,4,서울특별시,도봉구,방학동,도봉구,방학동
2019,1110057,2.64,4,서울특별시,도봉구,방학동,도봉구,방학동
2019,1110059,0.88,4,서울특별시,도봉구,창동,도봉구,창동
2019,1110060,1.07,4,서울특별시,도봉구,창동,도봉구,창동
2019,1110061,0.67,4,서울특별시,도봉구,창동,도봉구,창동
2019,1110062,0.96,4,서울특별시,도봉구,창동,도봉구,창동
2019,1110063,0.7,4,서울특별시,도봉구,창동,도봉구,창동
2019,1110064,8.72,4,서울특별시,도봉구,도봉동,도봉구,도봉동
2019,1110065,0.83,4,서울특별시,도봉구,도봉동,도봉구,도봉동
2019,1111051,1.16,4,서울특별시,노원구,월계1동,노원구,월계동
2019,1111052,1.94,4,서울특별시,노원구,월계2동,노원구,월계동
2019,1111053,1.17,4,서울특별시,노원구,월계3동,노원구,월계동
2019,1111079,1.41,4,서울특별시,노원구,공릉1동,노원구,공릉동
2019,1111056,6.82,4,서울특별시,노원구,공릉2동,노원구,공릉동
2019,1111058,1.55,4,서울특별시,노원구,하계1동,노원구,하계동
2019,1111059,0.51,4,서울특별시,노원구,하계2동,노원구,하계동
2019,1111060,1.97,4,서울특별시,노원구,중계동,노원구,중계동
2019,1111061,0.63,4,서울특별시,노원구,중계1동,노원구,중계동
2019,1111078,0.9,4,서울특별시,노원구,중계2·3동,노원구,중계동
2019,1111064,1.7,4,서울특별시,노원구,중계4동,노원구,중계동
2019,1111065,5.62,4,서울특별시,노원구,상계1동,노원구,상계동
2019,1111066,0.61,4,서울특별시,노원구,상계2동,노원구,상계동
2019,1111076,5.62,4,서울특별시,노원구,상계3·4동,노원구,상계동
2019,1111069,0.44,4,서울특별시,노원구,상계5동,노원구,상계동
2019,1111077,1.11,4,서울특별시,노원구,상계6·7동,노원구,상계동
2019,1111072,0.67,4,서울특별시,노원구,상계8동,노원구,상계동
2019,1111073,0.81,4,서울특별시,노원구,상계9동,노원구,상계동
2019,1111074,0.8,4,서울특별시,노원구,상계10동,노원구,상계동
2019,1112051,1.79,4,서울특별시,은평구,녹번동,은평구,녹번동
2019,1112052,3.13,4,서울특별시,은평구,불광동,은평구,불광동
2019,1112072,1.38,4,서울특별시,은평구,불광동,은평구,불광동
2019,1112055,0.97,4,서울특별시,은평구,갈현동,은평구,갈현동
2019,1112056,0.96,4,서울특별시,은평구,갈현동,은평구,갈현동
2019,1112057,1.38,4,서울특별시,은평구,구산동,은평구,구산동
2019,1112058,0.85,4,서울특별시,은평구,대조동,은평구,대조동
2019,1112059,1.2,4,서울특별시,은평구,응암동,은평구,응암동
2019,1112060,0.78,4,서울특별시,은평구,응암동,은평구,응암동
2019,1112073,0.63,4,서울특별시,은평구,응암동,은평구,응암동
2019,1112074,1.16,4,서울특별시,은평구,역촌동,은평구,역촌동
2019,1112065,0.84,4,서울특별시,은평구,신사동,은평구,신사동
2019,1112066,1.0,4,서울특별시,은평구,신사동,은평구,신사동
2019,1112067,0.81,4,서울특별시,은평구,증산동,은평구,증산동
2019,1112068,1.29,4,서울특별시,은평구,수색동,은평구,수색동
2019,1112071,11.53,4,서울특별시,은평구,진관동,은평구,진관동
2019,1113073,1.12,4,서울특별시,서대문구,충현동,서대문구,충현동
2019,1113052,0.97,4,서울특별시,서대문구,천연동,서대문구,천연동
2019,1113074,0.46,4,서울특별시,서대문구,북아현동,서대문구,북아현동
2019,1113075,2.63,4,서울특별시,서대문구,신촌동,서대문구,신촌동
2019,1113076,3.05,4,서울특별시,서대문구,연희동,서대문구,연희동
2019,1113062,1.23,4,서울특별시,서대문구,홍제동,서대문구,홍제동
2019,1113065,1.05,4,서울특별시,서대문구,홍제동,서대문구,홍제동
2019,1113064,0.81,4,서울특별시,서대문구,홍제동,서대문구,홍제동
2019,1113066,1.58,4,서울특별시,서대문구,홍은동,서대문구,홍은동
2019,1113068,2.06,4,서울특별시,서대문구,홍은동,서대문구,홍은동
2019,1113069,0.51,4,서울특별시,서대문구,남가좌동,서대문구,남가좌동
2019,1113070,0.77,4,서울특별시,서대문구,남가좌동,서대문구,남가좌동
2019,1113071,0.55,4,서울특별시,서대문구,북가좌동,서대문구,북가좌동
2019,1113072,0.84,4,서울특별시,서대문구,북가좌동,서대문구,북가좌동
2019,1114077,1.01,4,서울특별시,마포구,공덕동,마포구,공덕동
2019,1114078,0.76,4,서울특별시,마포구,아현동,마포구,아현동
2019,1114075,0.62,4,서울특별시,마포구,도화동,마포구,도화동
2019,1114059,0.84,4,서울특별시,마포구,용강동,마포구,용강동
2019,1114060,0.88,4,서울특별시,마포구,대흥동,마포구,대흥동
2019,1114061,0.43,4,서울특별시,마포구,염리동,마포구,염리동
2019,1114063,0.78,4,서울특별시,마포구,신수동,마포구,신수동
2019,1114076,1.45,4,서울특별시,마포구,서강동,마포구,서강동
2019,1114066,1.65,4,서울특별시,마포구,서교동,마포구,서교동
2019,1114068,1.72,4,서울특별시,마포구,합정동,마포구,합정동
2019,1114069,1.13,4,서울특별시,마포구,망원동,마포구,망원동
2019,1114070,0.67,4,서울특별시,마포구,망원동,마포구,망원동
2019,1114071,0.64,4,서울특별시,마포구,연남동,마포구,연남동
2019,1114072,0.8,4,서울특별시,마포구,성산동,마포구,성산동
2019,1114073,2.07,4,서울특별시,마포구,성산동,마포구,성산동
2019,1114074,8.4,4,서울특별시,마포구,상암동,마포구,상암동
2019,1115051,1.41,4,서울특별시,양천구,목1동,양천구,목동
2019,1115052,1.03,4,서울특별시,양천구,목2동,양천구,목동
2019,1115053,0.53,4,서울특별시,양천구,목3동,양천구,목동
2019,1115054,0.57,4,서울특별시,양천구,목4동,양천구,목동
2019,1115071,1.81,4,서울특별시,양천구,목5동,양천구,목동
2019,1115057,0.65,4,서울특별시,양천구,신월1동,양천구,신월동
2019,1115058,0.61,4,서울특별시,양천구,신월2동,양천구,신월동
2019,1115059,0.87,4,서울특별시,양천구,신월3동,양천구,신월동
2019,1115060,0.52,4,서울특별시,양천구,신월4동,양천구,신월동
2019,1115061,0.69,4,서울특별시,양천구,신월5동,양천구,신월동
2019,1115062,0.41,4,서울특별시,양천구,신월6동,양천구,신월동
2019,1115063,1.19,4,서울특별시,양천구,신월7동,양천구,신월동
2019,1115064,0.7,4,서울특별시,양천구,신정1동,양천구,신정동
2019,1115065,0.52,4,서울특별시,양천구,신정2동,양천구,신정동
2019,1115066,2.72,4,서울특별시,양천구,신정3동,양천구,신정동
2019,1115072,1.01,4,서울특별시,양천구,신정4동,양천구,신정동
2019,1115069,0.96,4,서울특별시,양천구,신정6동,양천구,신정동
2019,1115070,1.21,4,서울특별시,양천구,신정7동,양천구,신정동
2019,1116051,1.74,4,서울특별시,강서구,염창동,강서구,염창동
2019,1116052,0.59,4,서울특별시,강서구,등촌동,강서구,등촌동
2019,1116053,0.92,4,서울특별시,강서구,등촌동,강서구,등촌동
2019,1116054,0.79,4,서울특별시,강서구,등촌동,강서구,등촌동
2019,1116055,1.11,4,서울특별시,강서구,화곡동,강서구,화곡동
2019,1116073,1.12,4,서울특별시,강서구,화곡동,강서구,화곡동
2019,1116057,0.47,4,서울특별시,강서구,화곡동,강서구,화곡동
2019,1116058,0.51,4,서울특별시,강서구,화곡동,강서구,화곡동
2019,1116059,0.82,4,서울특별시,강서구,화곡동,강서구,화곡동
2019,1116061,1.12,4,서울특별시,강서구,화곡동,강서구,화곡동
2019,1116063,0.53,4,서울특별시,강서구,화곡동,강서구,화곡동
2019,1116074,1.36,4,서울특별시,강서구,우장산동,강서구,우장산동
2019,1116064,4.7,4,서울특별시,강서구,가양동,강서구,가양동
2019,1116065,1.0,4,서울특별시,강서구,가양동,강서구,가양동
2019,1116066,0.99,4,서울특별시,강서구,가양동,강서구,가양동
2019,1116067,2.96,4,서울특별시,강서구,발산동,강서구,발산동
2019,1116069,10.87,4,서울특별시,강서구,공항동,강서구,공항동
2019,1116070,1.04,4,서울특별시,강서구,방화동,강서구,방화동
2019,1116071,6.41,4,서울특별시,강서구,방화동,강서구,방화동
2019,1116072,2.38,4,서울특별시,강서구,방화동,강서구,방화동
2019,1117051,1.47,4,서울특별시,구로구,신도림동,구로구,신도림동
2019,1117052,1.02,4,서울특별시,구로구,구로동,구로구,구로동
2019,1117071,1.76,4,서울특별시,구로구,구로동,구로구,구로동
2019,1117054,1.02,4,서울특별시,구로구,구로동,구로구,구로동
2019,1117055,0.46,4,서울특별시,구로구,구로동,구로구,구로동
2019,1117056,1.03,4,서울특별시,구로구,구로동,구로구,구로동
2019,1117070,0.4,4,서울특별시,구로구,가리봉동,구로구,가리봉동
2019,1117061,1.16,4,서울특별시,구로구,고척동,구로구,고척동
2019,1117062,1.02,4,서울특별시,구로구,고척동,구로구,고척동
2019,1117072,1.31,4,서울특별시,구로구,개봉동,구로구,개봉동
2019,1117064,0.8,4,서울특별시,구로구,개봉동,구로구,개봉동
2019,1117065,0.81,4,서울특별시,구로구,개봉동,구로구,개봉동
2019,1117067,0.59,4,서울특별시,구로구,오류1동,구로구,오류동
2019,1117068,4.6,4,서울특별시,구로구,오류2동,구로구,오류동
2019,1117069,2.67,4,서울특별시,구로구,수궁동,구로구,수궁동
2019,1118051,2.52,4,서울특별시,금천구,가산동,금천구,가산동
2019,1118052,2.09,4,서울특별시,금천구,독산동,금천구,독산동
2019,1118053,0.6,4,서울특별시,금천구,독산동,금천구,독산동
2019,1118054,0.92,4,서울특별시,금천구,독산동,금천구,독산동
2019,1118055,0.59,4,서울특별시,금천구,독산동,금천구,독산동
2019,1118057,1.71,4,서울특별시,금천구,시흥동,금천구,시흥동
2019,1118058,1.26,4,서울특별시,금천구,시흥동,금천구,시흥동
2019,1118059,1.07,4,서울특별시,금천구,시흥동,금천구,시흥동
2019,1118060,0.87,4,서울특별시,금천구,시흥동,금천구,시흥동
2019,1118061,1.39,4,서울특별시,금천구,시흥동,금천구,시흥동
2019,1119073,1.02,4,서울특별시,영등포구,영등포동,영등포구,영등포동
2019,1119074,1.26,4,서울특별시,영등포구,영등포동,영등포구,영등포동
2019,1119054,8.4,4,서울특별시,영등포구,여의동,영등포구,여의동
2019,1119055,0.75,4,서울특별시,영등포구,당산동,영등포구,당산동
2019,1119056,1.55,4,서울특별시,영등포구,당산동,영등포구,당산동
2019,1119075,0.89,4,서울특별시,영등포구,도림동,영등포구,도림동
2019,1119076,1.49,4,서울특별시,영등포구,문래동,영등포구,문래동
2019,1119061,0.88,4,서울특별시,영등포구,양평동,영등포구,양평동
2019,1119062,3.0,4,서울특별시,영등포구,양평동,영등포구,양평동
2019,1119063,0.66,4,서울특별시,영등포구,신길동,영등포구,신길동
2019,1119065,0.52,4,서울특별시,영등포구,신길동,영등포구,신길동
2019,1119066,0.35,4,서울특별시,영등포구,신길동,영등포구,신길동
2019,1119067,0.47,4,서울특별시,영등포구,신길동,영등포구,신길동
2019,1119068,0.68,4,서울특별시,영등포구,신길동,영등포구,신길동
2019,1119069,0.64,4,서울특별시,영등포구,신길동,영등포구,신길동
2019,1119070,0.49,4,서울특별시,영등포구,대림동,영등포구,대림동
2019,1119071,0.55,4,서울특별시,영등포구,대림동,영등포구,대림동
2019,1119072,0.95,4,서울특별시,영등포구,대림동,영등포구,대림동
2019,1120072,1.58,4,서울특별시,동작구,노량진동,동작구,노량진동
2019,1120052,0.64,4,서울특별시,동작구,노량진동,동작구,노량진동
2019,1120053,1.51,4,서울특별시,동작구,상도동,동작구,상도동
2019,1120054,0.98,4,서울특별시,동작구,상도동,동작구,상도동
2019,1120055,0.6,4,서울특별시,동작구,상도동,동작구,상도동
2019,1120056,0.75,4,서울특별시,동작구,상도동,동작구,상도동
2019,1120071,1.68,4,서울특별시,동작구,흑석동,동작구,흑석동
2019,1120063,0.79,4,서울특별시,동작구,사당동,동작구,사당동
2019,1120073,2.75,4,서울특별시,동작구,사당동,동작구,사당동
2019,1120065,0.92,4,서울특별시,동작구,사당동,동작구,사당동
2019,1120066,0.38,4,서울특별시,동작구,사당동,동작구,사당동
2019,1120067,0.57,4,서울특별시,동작구,사당동,동작구,사당동
2019,1120068,1.55,4,서울특별시,동작구,대방동,동작구,대방동
2019,1120069,0.62,4,서울특별시,동작구,신대방동,동작구,신대방동
2019,1120070,1.03,4,서울특별시,동작구,신대방동,동작구,신대방동
2019,1121052,0.76,4,서울특별시,관악구,보라매동,관악구,보라매동
2019,1121078,0.78,4,서울특별시,관악구,은천동,관악구,은천동
2019,1121079,0.68,4,서울특별시,관악구,성현동,관악구,성현동
2019,1121061,0.39,4,서울특별시,관악구,중앙동,관악구,중앙동
2019,1121054,0.3,4,서울특별시,관악구,청림동,관악구,청림동
2019,1121057,0.72,4,서울특별시,관악구,행운동,관악구,행운동
2019,1121080,1.18,4,서울특별시,관악구,청룡동,관악구,청룡동
2019,1121058,2.27,4,서울특별시,관악구,낙성대동,관악구,낙성대동
2019,1121062,1.08,4,서울특별시,관악구,인헌동,관악구,인헌동
2019,1121063,3.27,4,서울특별시,관악구,남현동,관악구,남현동
2019,1121069,0.54,4,서울특별시,관악구,신림동,관악구,신림동
2019,1121068,0.64,4,서울특별시,관악구,신사동,관악구,신사동
2019,1121072,0.67,4,서울특별시,관악구,조원동,관악구,조원동
2019,1121083,1.38,4,서울특별시,관악구,미성동,관악구,미성동
2019,1121081,0.96,4,서울특별시,관악구,난곡동,관악구,난곡동
2019,1121071,0.8,4,서울특별시,관악구,난향동,관악구,난향동
2019,1121064,0.65,4,서울특별시,관악구,서원동,관악구,서원동
2019,1121065,0.55,4,서울특별시,관악구,신원동,관악구,신원동
2019,1121066,0.99,4,서울특별시,관악구,서림동,관악구,서림동
2019,1121082,2.66,4,서울특별시,관악구,삼성동,관악구,삼성동
2019,1121073,8.3,4,서울특별시,관악구,대학동,관악구,대학동
2019,1122051,1.42,4,서울특별시,서초구,서초1동,서초구,서초동
2019,1122052,1.24,4,서울특별시,서초구,서초2동,서초구,서초동
2019,1122053,2.93,4,서울특별시,서초구,서초3동,서초구,서초동
2019,1122054,0.88,4,서울특별시,서초구,서초4동,서초구,서초동
2019,1122055,1.76,4,서울특별시,서초구,잠원동,서초구,잠원동
2019,1122056,1.01,4,서울특별시,서초구,반포동,서초구,반포동
2019,1122057,1.0,4,서울특별시,서초구,반포1동,서초구,반포동
2019,1122058,1.35,4,서울특별시,서초구,반포2동,서초구,반포동
2019,1122059,1.28,4,서울특별시,서초구,반포3동,서초구,반포동
2019,1122060,1.43,4,서울특별시,서초구,반포4동,서초구,반포동
2019,1122061,0.67,4,서울특별시,서초구,방배동,서초구,방배동
2019,1122062,0.7,4,서울특별시,서초구,방배1동,서초구,방배동
2019,1122063,1.93,4,서울특별시,서초구,방배2동,서초구,방배동
2019,1122064,2.4,4,서울특별시,서초구,방배3동,서초구,방배동
2019,1122065,0.98,4,서울특별시,서초구,방배4동,서초구,방배동
2019,1122066,5.76,4,서울특별시,서초구,양재1동,서초구,양재동
2019,1122067,7.58,4,서울특별시,서초구,양재2동,서초구,양재동
2019,1122068,12.68,4,서울특별시,서초구,내곡동,서초구,내곡동
2019,1123051,1.89,4,서울특별시,강남구,신사동,강남구,신사동
2019,1123052,1.25,4,서울특별시,강남구,논현1동,강남구,논현동
2019,1123053,1.47,4,서울특별시,강남구,논현2동,강남구,논현동
2019,1123077,2.53,4,서울특별시,강남구,압구정동,강남구,압구정동
2019,1123078,2.33,4,서울특별시,강남구,청담동,강남구,청담동
2019,1123058,1.94,4,서울특별시,강남구,삼성1동,강남구,삼성동
2019,1123059,1.24,4,서울특별시,강남구,삼성2동,강남구,삼성동
2019,1123060,0.79,4,서울특별시,강남구,대치1동,강남구,대치동
2019,1123079,2.0,4,서울특별시,강남구,대치2동,강남구,대치동
2019,1123063,0.73,4,서울특별시,강남구,대치4동,강남구,대치동
2019,1123064,2.35,4,서울특별시,강남구,역삼1동,강남구,역삼동
2019,1123065,1.15,4,서울특별시,강남구,역삼2동,강남구,역삼동
2019,1123066,1.02,4,서울특별시,강남구,도곡1동,강남구,도곡동
2019,1123067,1.02,4,서울특별시,강남구,도곡2동,강남구,도곡동
2019,1123068,1.27,4,서울특별시,강남구,개포1동,강남구,개포동
2019,1123080,2.51,4,서울특별시,강남구,개포2동,강남구,개포동
2019,1123071,1.49,4,서울특별시,강남구,개포4동,강남구,개포동
2019,1123072,2.58,4,서울특별시,강남구,일원동,강남구,일원동
2019,1123073,0.92,4,서울특별시,강남구,일원1동,강남구,일원동
2019,1123074,1.24,4,서울특별시,강남구,일원2동,강남구,일원동
2019,1123075,1.43,4,서울특별시,강남구,수서동,강남구,수서동
2019,1123076,6.36,4,서울특별시,강남구,세곡동,강남구,세곡동
2019,1124051,0.77,4,서울특별시,송파구,풍납1동,송파구,풍납동
2019,1124052,1.59,4,서울특별시,송파구,풍납2동,송파구,풍납동
2019,1124053,0.51,4,서울특별시,송파구,거여1동,송파구,거여동
2019,1124054,0.53,4,서울특별시,송파구,거여2동,송파구,거여동
2019,1124055,0.58,4,서울특별시,송파구,마천1동,송파구,마천동
2019,1124056,0.89,4,서울특별시,송파구,마천2동,송파구,마천동
2019,1124057,0.5,4,서울특별시,송파구,방이1동,송파구,방이동
2019,1124058,0.8,4,서울특별시,송파구,방이2동,송파구,방이동
2019,1124059,3.17,4,서울특별시,송파구,오륜동,송파구,오륜동
2019,1124060,1.65,4,서울특별시,송파구,오금동,송파구,오금동
2019,1124061,0.79,4,서울특별시,송파구,송파1동,송파구,송파동
2019,1124062,0.53,4,서울특별시,송파구,송파2동,송파구,송파동
2019,1124063,0.95,4,서울특별시,송파구,석촌동,송파구,석촌동
2019,1124064,0.95,4,서울특별시,송파구,삼전동,송파구,삼전동
2019,1124065,1.13,4,서울특별시,송파구,가락동,송파구,가락동
2019,1124066,1.34,4,서울특별시,송파구,가락1동,송파구,가락동
2019,1124067,0.96,4,서울특별시,송파구,가락2동,송파구,가락동
2019,1124068,0.56,4,서울특별시,송파구,문정1동,송파구,문정동
2019,1124069,2.2,4,서울특별시,송파구,문정2동,송파구,문정동
2019,1124081,1.37,4,서울특별시,송파구,장지동,송파구,장지동
2019,1124082,2.55,4,서울특별시,송파구,위례동,송파구,위례동
2019,1124071,0.94,4,서울특별시,송파구,잠실동,송파구,잠실동
2019,1124079,2.18,4,서울특별시,송파구,잠실2동,송파구,잠실동
2019,1124080,1.49,4,서울특별시,송파구,잠실3동,송파구,잠실동
2019,1124075,1.56,4,서울특별시,송파구,잠실4동,송파구,잠실동
2019,1124077,2.79,4,서울특별시,송파구,잠실6동,송파구,잠실동
2019,1124078,0.6,4,서울특별시,송파구,잠실7동,송파구,잠실동
2019,1125051,2.8,4,서울특별시,강동구,강일동,강동구,강일동
2019,1125052,2.65,4,서울특별시,강동구,상일동,강동구,상일동
2019,1125053,0.61,4,서울특별시,강동구,명일동,강동구,명일동
2019,1125054,0.97,4,서울특별시,강동구,명일동,강동구,명일동
2019,1125055,1.73,4,서울특별시,강동구,고덕동,강동구,고덕동
2019,1125056,2.01,4,서울특별시,강동구,고덕동,강동구,고덕동
2019,1125072,1.02,4,서울특별시,강동구,암사동,강동구,암사동
2019,1125058,1.18,4,서울특별시,강동구,암사동,강동구,암사동
2019,1125059,2.51,4,서울특별시,강동구,암사동,강동구,암사동
2019,1125061,0.71,4,서울특별시,강동구,천호동,강동구,천호동
2019,1125073,1.57,4,서울특별시,강동구,천호동,강동구,천호동
2019,1125063,0.79,4,서울특별시,강동구,천호동,강동구,천호동
2019,1125065,0.58,4,서울특별시,강동구,성내동,강동구,성내동
2019,1125066,0.67,4,서울특별시,강동구,성내동,강동구,성내동
2019,1125067,0.71,4,서울특별시,강동구,성내동,강동구,성내동
2019,1125074,2.17,4,서울특별시,강동구,길동,강동구,길동
2019,1125070,0.92,4,서울특별시,강동구,둔촌동,강동구,둔촌동
2019,1125071,0.98,4,서울특별시,강동구,둔촌동,강동구,둔촌동
